,no_of_days_for_due_pay,US_Dollars,no_of_early_pays,avg_of_early_pays,no_of_OnTime_pays,avg_of_OnTime_pays,no_of_late_pays,avg_of_late_pays,no_of_VeryLate_pays,avg_of_VeryLate_pays,no_of_CriticallyLate_pays,avg_of_CriticallyLate_pays,sector_label
0,15,54273.28,176,23924.33134582623,1,11085.927272727273,32,22470.890342679122,1,791.8272727272727,0,0.0,2
1,20,79656.6,0,0.0,0,0.0,0,0.0,0,0.0,0,0.0,1
2,15,2253.86,1,52718.627272727266,0,0.0,0,0.0,0,0.0,0,0.0,0
4,15,33133.29,136,23970.312123438638,1,11085.927272727273,24,24084.290871369296,1,791.8272727272727,0,0.0,2
5,14,16224.8632,0,0.0,0,0.0,0,0.0,2,24600.0,1,107021.22727272726,0
6,15,7358.49,127,24165.833202202983,1,11085.927272727273,23,25126.30995670996,1,791.8272727272727,0,0.0,2
8,15,15995.04,63,20264.708557844697,1,11085.927272727273,12,20537.457851239673,1,791.8272727272727,0,0.0,2
9,15,28.63,0,0.0,1,5086.472727272727,1,1072.790909090909,0,0.0,0,0.0,0
11,15,103147.37,0,0.0,0,0.0,0,0.0,0,0.0,0,0.0,0
12,15,16381.45,0,0.0,0,0.0,0,0.0,0,0.0,0,0.0,0
13,15,19581.57,0,0.0,2,33866.88095238095,1,25752.64545454545,0,0.0,0,0.0,0
16,15,5181.51,7,23158.711267605635,4,12959.068292682929,4,22452.88780487805,0,0.0,0,0.0,0
17,15,19082.14,0,0.0,1,34994.972727272725,0,0.0,0,0.0,0,0.0,0
18,15,12819.5,137,24037.146389496706,1,11085.927272727273,24,24084.290871369296,1,791.8272727272727,0,0.0,2
19,15,53349.54,173,23708.592720970533,1,11085.927272727273,31,23115.739871382633,1,791.8272727272727,0,0.0,2
20,30,5683.5,0,0.0,0,0.0,0,0.0,0,0.0,0,0.0,0
21,15,11845.19,0,0.0,0,0.0,0,0.0,0,0.0,0,0.0,0
23,15,20079.58,0,0.0,0,0.0,0,0.0,0,0.0,0,0.0,0
24,15,11307.78,173,23708.592720970533,1,11085.927272727273,31,23115.739871382633,1,791.8272727272727,0,0.0,2
26,15,36188.11,8,19865.988888888893,0,0.0,0,0.0,0,0.0,0,0.0,2
28,15,412.09,45,20738.792682926836,0,0.0,7,20161.547887323944,1,791.8272727272727,0,0.0,2
29,10,35341.6944,0,0.0,0,0.0,2,26335.68095238095,0,0.0,0,0.0,0
30,15,6023.53,0,0.0,0,0.0,0,0.0,0,0.0,0,0.0,0
31,15,17307.51,0,0.0,0,0.0,1,25752.64545454545,0,0.0,0,0.0,0
32,15,341.14,106,24156.799717247868,1,11085.927272727273,18,24033.357458563536,1,791.8272727272727,0,0.0,2
33,15,365.87,0,0.0,9,12280.932967032968,10,10497.140594059405,0,0.0,0,0.0,0
34,35,32751.88,1,7003.636363636363,1,14768.30909090909,5,26760.37843137255,0,0.0,0,0.0,0
36,20,39221.31,0,0.0,0,0.0,0,0.0,0,0.0,0,0.0,0
38,15,46961.92,69,19939.72402315485,1,11085.927272727273,12,20537.457851239673,1,791.8272727272727,0,0.0,2
39,45,51641.33,0,0.0,0,0.0,0,0.0,0,0.0,0,0.0,0
40,15,52187.72,129,23963.050116188995,1,11085.927272727273,24,24084.290871369296,1,791.8272727272727,0,0.0,2
41,15,4953.83,163,23421.096137339046,1,11085.927272727273,29,24292.270790378003,1,791.8272727272727,0,0.0,2
42,15,54714.07,0,0.0,0,0.0,0,0.0,0,0.0,0,0.0,0
43,15,3228.13,185,24131.66898973528,1,11085.927272727273,37,24627.481940700804,1,791.8272727272727,0,0.0,2
44,37,23152.285799999998,0,0.0,0,0.0,0,0.0,0,0.0,0,0.0,0
46,15,34565.51,42,20951.625653206655,0,0.0,7,20161.547887323944,1,791.8272727272727,0,0.0,2
47,15,65353.0,0,0.0,0,0.0,3,96739.37096774195,0,0.0,0,0.0,0
48,15,49723.89,184,23992.65638240087,1,11085.927272727273,36,24647.709972299162,1,791.8272727272727,0,0.0,2
49,15,353.96,9,20966.524175824175,0,0.0,1,32898.281818181815,0,0.0,0,0.0,2
50,4,3435.96,1,97.92727272727272,0,0.0,0,0.0,0,0.0,0,0.0,0
53,15,21418.85,87,22512.973134328353,1,11085.927272727273,18,24033.357458563536,1,791.8272727272727,0,0.0,2
54,15,12606.72,0,0.0,0,0.0,1,3242.1454545454544,0,0.0,0,0.0,0
55,15,25580.96,0,0.0,0,0.0,1,21046.13636363636,0,0.0,0,0.0,0
56,15,20360.19,1,57215.43636363636,0,0.0,2,104499.00476190474,0,0.0,0,0.0,0
58,15,322.48,0,0.0,0,0.0,0,0.0,0,0.0,0,0.0,0
59,15,91102.25,3,13575.62258064516,7,53808.13661971831,5,33451.18235294118,0,0.0,0,0.0,0
60,15,73077.72,0,0.0,0,0.0,1,10476.336363636363,0,0.0,0,0.0,0
61,11,2064.294,0,0.0,0,0.0,0,0.0,0,0.0,0,0.0,0
62,15,3285.62,1,43477.990909090906,0,0.0,3,12251.616129032258,0,0.0,0,0.0,0
63,11,5045.76,0,0.0,0,0.0,0,0.0,1,40680.0,1,107021.22727272726,0
64,10,24351.25,0,0.0,0,0.0,0,0.0,0,0.0,0,0.0,0
65,15,22491.08,0,0.0,0,0.0,0,0.0,0,0.0,0,0.0,0
66,15,981.31,0,0.0,0,0.0,0,0.0,0,0.0,0,0.0,0
67,15,71008.69,167,23606.347336923987,1,11085.927272727273,30,23649.7976744186,1,791.8272727272727,0,0.0,2
68,15,8445.33,0,0.0,0,0.0,3,51741.52903225806,0,0.0,0,0.0,0
69,15,79935.8,0,0.0,1,84681.6909090909,0,0.0,0,0.0,0,0.0,0
71,15,13636.19,13,20955.66641221374,0,0.0,1,32898.281818181815,1,791.8272727272727,0,0.0,2
72,15,71047.42,36,18879.6027700831,0,0.0,7,20161.547887323944,1,791.8272727272727,0,0.0,2
73,15,3748.84,66,19949.116036308624,1,11085.927272727273,12,20537.457851239673,1,791.8272727272727,0,0.0,2
74,15,74898.29,1,18785.790909090905,1,24573.22727272727,0,0.0,0,0.0,0,0.0,0
75,15,6300.98,130,24179.9960799385,1,11085.927272727273,24,24084.290871369296,1,791.8272727272727,0,0.0,2
78,15,26520.18,1,3320.3090909090906,2,119.03809523809522,0,0.0,0,0.0,0,0.0,0
80,15,75138.42,1,26.027272727272724,3,42789.11612903226,2,8302.338095238094,0,0.0,0,0.0,0
81,15,78043.58,3,31161.69677419355,0,0.0,2,22615.490476190476,0,0.0,0,0.0,0
82,17,37400.9368,0,0.0,0,0.0,1,222734.34545454543,0,0.0,0,0.0,0
85,30,42362.3,1,37150.71818181818,0,0.0,0,0.0,1,10725.436363636363,0,0.0,0
86,15,6347.86,0,0.0,0,0.0,0,0.0,0,0.0,0,0.0,0
87,15,48129.8,75,21863.938348868174,1,11085.927272727273,14,21987.720567375887,1,791.8272727272727,0,0.0,2
89,15,5957.04,109,24251.933822181476,1,11085.927272727273,19,22865.912565445025,1,791.8272727272727,0,0.0,2
90,15,423.47,97,23450.63048403707,1,11085.927272727273,18,24033.357458563536,1,791.8272727272727,0,0.0,2
91,15,32415.05,0,0.0,0,0.0,0,0.0,0,0.0,0,0.0,0
92,15,1328.25,99,23689.139656912204,1,11085.927272727273,18,24033.357458563536,1,791.8272727272727,0,0.0,2
93,15,116300.54,0,0.0,0,0.0,1,93770.33636363635,0,0.0,0,0.0,0
96,15,20306.46,0,0.0,0,0.0,0,0.0,0,0.0,0,0.0,0
97,15,17243.1,0,0.0,0,0.0,0,0.0,0,0.0,0,0.0,0
98,15,22993.63,3,22686.08387096774,2,61767.94285714285,10,28943.765346534656,0,0.0,0,0.0,0
99,15,18939.75,0,0.0,1,9359.427272727273,1,13062.6,0,0.0,0,0.0,0
100,10,13872.48,0,0.0,0,0.0,0,0.0,0,0.0,0,0.0,0
101,15,937.68,3,13575.62258064516,9,54154.419780219774,5,33451.18235294118,0,0.0,0,0.0,0
103,15,1170.27,47,20855.470912951172,0,0.0,8,17723.343209876544,1,791.8272727272727,0,0.0,2
104,15,23976.32,29,16389.271134020615,0,0.0,6,23443.847540983606,1,791.8272727272727,0,0.0,2
105,15,18828.87,0,0.0,0,0.0,1,11202.51818181818,0,0.0,0,0.0,0
106,15,720.78,151,23978.95757776306,1,11085.927272727273,29,24292.270790378003,1,791.8272727272727,0,0.0,2
107,15,13091.11,7,23158.711267605635,4,12959.068292682929,3,25472.81612903226,0,0.0,0,0.0,0
108,18,28.32,6,1203.8967213114756,0,0.0,0,0.0,0,0.0,0,0.0,0
109,15,19665.2,3,13575.62258064516,8,58412.34814814814,5,33451.18235294118,0,0.0,0,0.0,0
111,17,48935.024399999995,0,0.0,0,0.0,2,37021.36666666666,0,0.0,0,0.0,0
114,15,13112.14,53,19279.40357815443,1,11085.927272727273,8,17723.343209876544,1,791.8272727272727,0,0.0,2
115,15,19997.78,0,0.0,1,16814.418181818182,3,51652.141935483865,0,0.0,0,0.0,0
116,45,124047.42,0,0.0,6,53266.14262295082,23,34437.289610389606,0,0.0,0,0.0,0
117,15,99386.3,0,0.0,2,15668.119047619048,1,56121.590909090904,0,0.0,0,0.0,0
118,15,2211.63,0,0.0,16,7679.2453416149065,16,11872.334161490684,0,0.0,0,0.0,0
119,65,2588.65,0,0.0,0,0.0,0,0.0,0,0.0,0,0.0,0
120,15,99608.36,3,55643.96129032257,1,24573.22727272727,2,33467.08095238095,0,0.0,0,0.0,0
121,15,16982.59,33,17396.346223564953,0,0.0,7,20161.547887323944,1,791.8272727272727,0,0.0,2
122,20,1721.07,0,0.0,1,10134.545454545454,0,0.0,0,0.0,0,0.0,0
123,15,13533.21,3,22686.08387096774,0,0.0,8,33575.641975308645,0,0.0,0,0.0,0
124,15,3225.75,109,24251.933822181476,1,11085.927272727273,19,22865.912565445025,1,791.8272727272727,0,0.0,2
125,90,1172.53,0,0.0,0,0.0,0,0.0,0,0.0,0,0.0,0
126,15,32944.47,1,9185.49090909091,1,18688.30909090909,2,22460.428571428572,0,0.0,0,0.0,0
127,15,11443.14,5,34554.83137254902,0,0.0,2,22615.490476190476,0,0.0,0,0.0,0
128,10,4884.0,0,0.0,0,0.0,0,0.0,0,0.0,0,0.0,0
129,15,38182.86,0,0.0,0,0.0,1,1447.2363636363636,0,0.0,0,0.0,0
130,31,18220.8,0,0.0,0,0.0,0,0.0,0,0.0,0,0.0,0
132,15,17710.21,0,0.0,0,0.0,4,19047.092682926832,0,0.0,0,0.0,0
133,15,7790.06,0,0.0,0,0.0,0,0.0,0,0.0,0,0.0,0
134,15,48577.93,0,0.0,1,39251.64545454545,2,2315.7761904761905,0,0.0,0,0.0,0
136,15,316.8,19,16827.802617801044,0,0.0,4,25216.339024390247,1,791.8272727272727,0,0.0,2
139,4,1867.12,1,14969.072727272725,0,0.0,0,0.0,0,0.0,0,0.0,0
140,65,1715.7,12,36769.79421487603,6,17617.65081967213,6,17036.001639344267,0,0.0,0,0.0,0
141,15,31309.71,0,0.0,0,0.0,4,11259.351219512195,0,0.0,0,0.0,0
142,34,94490.93,8,21181.500000000004,4,8064.297560975611,2,15912.309523809523,0,0.0,0,0.0,0
143,15,6663.09,168,23888.336287923845,1,11085.927272727273,30,23649.7976744186,1,791.8272727272727,0,0.0,2
144,35,16245.14,1,7003.636363636363,0,0.0,1,20640.0,0,0.0,0,0.0,0
145,15,46665.92,3,22686.08387096774,0,0.0,10,28943.765346534656,0,0.0,0,0.0,0
146,15,20463.04,0,0.0,0,0.0,2,66636.0476190476,0,0.0,0,0.0,0
147,15,26097.25,0,0.0,4,67404.30731707318,12,36108.741322314054,0,0.0,0,0.0,0
149,15,19190.96,0,0.0,0,0.0,1,47228.55454545454,0,0.0,0,0.0,0
150,1,7642.71,1,3725.681818181818,0,0.0,0,0.0,0,0.0,0,0.0,0
151,15,22759.63,0,0.0,0,0.0,0,0.0,0,0.0,0,0.0,0
152,15,1683.46,9,29237.481318681323,4,8064.297560975611,2,15912.309523809523,0,0.0,0,0.0,0
153,1,320.06,4,4547.639024390244,0,0.0,0,0.0,0,0.0,0,0.0,0
154,11,24471.79,0,0.0,0,0.0,0,0.0,0,0.0,0,0.0,0
155,15,7040.6,169,23786.472028385564,1,11085.927272727273,30,23649.7976744186,1,791.8272727272727,0,0.0,2
156,15,45235.58,0,0.0,0,0.0,0,0.0,0,0.0,0,0.0,0
157,15,13873.43,0,0.0,0,0.0,1,32017.60909090909,0,0.0,0,0.0,0
158,15,61001.54,3,55643.96129032257,1,24573.22727272727,4,57757.97317073171,0,0.0,0,0.0,0
159,15,17479.1,189,24005.209730301423,1,11085.927272727273,37,24627.481940700804,1,791.8272727272727,0,0.0,2
160,15,28649.56,107,23934.431279178323,1,11085.927272727273,18,24033.357458563536,1,791.8272727272727,0,0.0,2
161,15,46474.49,0,0.0,0,0.0,0,0.0,0,0.0,0,0.0,0
162,15,14516.79,0,0.0,0,0.0,1,32017.60909090909,0,0.0,0,0.0,0
163,15,16101.13,65,20008.224884792628,1,11085.927272727273,12,20537.457851239673,1,791.8272727272727,0,0.0,2
164,15,15258.5,0,0.0,0,0.0,3,37988.92258064516,0,0.0,0,0.0,0
165,15,69527.13,116,23574.517398794134,1,11085.927272727273,20,21888.790049751246,1,791.8272727272727,0,0.0,2
166,10,15026.34,0,0.0,0,0.0,0,0.0,0,0.0,0,0.0,0
167,15,83081.83,0,0.0,0,0.0,0,0.0,0,0.0,0,0.0,0
168,18,27.900599999999997,0,0.0,0,0.0,0,0.0,0,0.0,0,0.0,0
169,15,20557.14,2,20499.290476190476,1,18688.30909090909,2,22460.428571428572,0,0.0,0,0.0,0
170,15,37071.97,3,22686.08387096774,0,0.0,7,33083.2014084507,0,0.0,0,0.0,0
171,15,13683.15,138,23955.917958001435,1,11085.927272727273,24,24084.290871369296,1,791.8272727272727,0,0.0,2
172,15,9481.83,0,0.0,0,0.0,1,685.3363636363636,0,0.0,0,0.0,0
173,15,344.27,0,0.0,21,6667.830805687203,20,9633.343781094527,0,0.0,0,0.0,0
174,15,2254.37,3,55643.96129032257,3,30144.603225806448,9,44669.94065934066,0,0.0,0,0.0,0
175,15,820.4,0,0.0,0,0.0,3,27214.716129032262,0,0.0,0,0.0,0
176,15,17231.53,1,54502.93636363636,0,0.0,0,0.0,0,0.0,0,0.0,0
177,15,1591.96,0,0.0,0,0.0,0,0.0,0,0.0,0,0.0,0
179,15,38899.31,0,0.0,6,53266.14262295082,22,34235.38823529411,0,0.0,0,0.0,0
180,17,4819.24,3,1447.625806451613,0,0.0,1,18961.081818181814,0,0.0,0,0.0,0
181,15,95073.2,0,0.0,1,8987.881818181817,1,13536.60909090909,0,0.0,0,0.0,0
182,20,13859.37,0,0.0,0,0.0,0,0.0,0,0.0,0,0.0,0
183,-2,20857.19,0,0.0,0,0.0,0,0.0,0,0.0,0,0.0,0
184,15,13768.73,0,0.0,6,53266.14262295082,21,35205.37203791468,0,0.0,0,0.0,0
185,15,82605.09,0,0.0,3,62629.354838709674,9,29989.127472527474,0,0.0,0,0.0,0
186,45,6377.39,0,0.0,0,0.0,0,0.0,2,14328.061904761904,0,0.0,0
187,10,42383.25,0,0.0,1,38537.545454545456,0,0.0,0,0.0,0,0.0,0
189,15,1735.16,109,24251.933822181476,1,11085.927272727273,18,24033.357458563536,1,791.8272727272727,0,0.0,2
190,15,475.69,0,0.0,0,0.0,0,0.0,0,0.0,0,0.0,0
191,15,58990.76,3,55643.96129032257,4,23342.107317073172,11,43213.38738738739,0,0.0,0,0.0,0
192,15,12591.43,139,23882.06628324945,1,11085.927272727273,24,24084.290871369296,1,791.8272727272727,0,0.0,2
194,15,48398.85,105,23926.142721217875,1,11085.927272727273,18,24033.357458563536,1,791.8272727272727,0,0.0,2
195,15,14752.57,125,23865.680255795356,1,11085.927272727273,22,25025.67285067873,1,791.8272727272727,0,0.0,2
196,40,8972.99,0,0.0,0,0.0,0,0.0,0,0.0,0,0.0,0
198,15,1686.74,0,0.0,0,0.0,0,0.0,0,0.0,0,0.0,0
201,15,22096.07,140,23720.48765167736,1,11085.927272727273,25,23626.40796812749,1,791.8272727272727,0,0.0,2
202,45,14278.48,0,0.0,0,0.0,0,0.0,1,14373.136363636364,0,0.0,0
204,15,7000.45,55,19069.42649727768,1,11085.927272727273,8,17723.343209876544,1,791.8272727272727,0,0.0,2
205,34,48806.26,4,3026.3414634146343,3,8635.535483870968,2,15912.309523809523,0,0.0,0,0.0,0
206,15,29929.01,2,136292.6761904762,1,15927.381818181815,1,64644.43636363636,0,0.0,0,0.0,0
207,15,6681.26,12,36769.79421487603,6,17617.65081967213,5,19066.343137254906,0,0.0,0,0.0,0
208,15,19170.69,0,0.0,1,33059.781818181815,1,104058.4,0,0.0,0,0.0,0
209,15,98321.98,11,31224.552252252255,6,17617.65081967213,5,19066.343137254906,0,0.0,0,0.0,0
210,15,89474.22,0,0.0,0,0.0,0,0.0,0,0.0,0,0.0,0
211,15,1244.9,139,23882.06628324945,1,11085.927272727273,25,23626.40796812749,1,791.8272727272727,0,0.0,2
212,15,19496.39,0,0.0,1,5886.863636363636,0,0.0,0,0.0,0,0.0,0
213,15,136.08,0,0.0,2,28117.819047619047,4,69229.46097560978,0,0.0,0,0.0,0
216,10,20367.5,0,0.0,0,0.0,0,0.0,0,0.0,0,0.0,0
217,12,42.398399999999995,4,35739.81219512195,0,0.0,3,19043.287096774195,1,6162.818181818182,0,0.0,0
218,60,24643.72,0,0.0,0,0.0,0,0.0,0,0.0,0,0.0,0
219,15,20557.14,10,29876.434653465345,4,12959.068292682929,5,19066.343137254906,0,0.0,0,0.0,0
220,10,6961.7326,0,0.0,0,0.0,1,41607.55454545454,0,0.0,0,0.0,0
221,15,8301.45,0,0.0,2,47470.27619047619,1,23390.172727272726,0,0.0,0,0.0,0
222,15,15823.03,4,22928.37073170732,0,0.0,0,0.0,0,0.0,0,0.0,2
223,15,134457.26,0,0.0,0,0.0,0,0.0,0,0.0,0,0.0,0
224,15,3476.52,1,66110.07272727272,1,381.8181818181818,2,4049.47619047619,0,0.0,0,0.0,0
225,15,495.86,1,31866.20909090909,0,0.0,0,0.0,0,0.0,0,0.0,0
226,15,642.24,1,66110.07272727272,1,381.8181818181818,3,3864.6516129032257,0,0.0,0,0.0,0
227,15,16907.57,142,23754.39254046445,1,11085.927272727273,26,23470.657471264363,1,791.8272727272727,0,0.0,2
228,15,51147.1,1,54502.93636363636,2,11590.32857142857,2,26661.87619047619,0,0.0,0,0.0,0
230,21,6733.93,4,114.2048780487805,0,0.0,0,0.0,0,0.0,0,0.0,0
231,15,44952.8,78,22200.330217669652,1,11085.927272727273,14,21987.720567375887,1,791.8272727272727,0,0.0,2
232,13,49.44,0,0.0,0,0.0,0,0.0,0,0.0,0,0.0,0
233,65,72721.08,0,0.0,1,381.8181818181818,1,7081.872727272727,0,0.0,0,0.0,0
234,15,54073.74,1,5557.263636363636,0,0.0,1,9239.063636363635,0,0.0,0,0.0,0
235,15,3329.23,0,0.0,1,6863.018181818181,0,0.0,0,0.0,0,0.0,0
236,15,2416.07,173,23708.592720970533,1,11085.927272727273,31,23115.739871382633,1,791.8272727272727,0,0.0,2
238,15,3703.19,187,23970.869107429186,1,11085.927272727273,37,24627.481940700804,1,791.8272727272727,0,0.0,2
239,15,39293.61,60,19476.552079866884,1,11085.927272727273,11,22015.60900900901,1,791.8272727272727,0,0.0,2
240,10,40910.8644,0,0.0,1,80394.43636363636,3,180017.18064516128,0,0.0,0,0.0,0
241,15,26666.4,62,20161.621739130434,1,11085.927272727273,12,20537.457851239673,1,791.8272727272727,0,0.0,2
243,20,24209.83,1,2677.2454545454543,0,0.0,1,5473.136363636363,0,0.0,0,0.0,0
244,15,11523.97,0,0.0,0,0.0,0,0.0,0,0.0,0,0.0,0
245,18,67827.16889999999,1,87761.91818181818,0,0.0,5,32828.16666666667,0,0.0,0,0.0,0
246,15,7884.97,6,25662.603278688526,4,12959.068292682929,3,25472.81612903226,0,0.0,0,0.0,0
247,15,30162.79,141,23708.975124025503,1,11085.927272727273,26,23470.657471264363,1,791.8272727272727,0,0.0,2
248,12,1573.3544000000002,2,14658.885714285714,0,0.0,3,19043.287096774195,1,6162.818181818182,0,0.0,0
249,15,20217.6,0,0.0,0,0.0,2,9146.433333333332,0,0.0,0,0.0,0
250,15,23150.75,0,0.0,0,0.0,0,0.0,0,0.0,0,0.0,0
251,15,43371.16,21,15311.995260663502,0,0.0,5,20496.254901960787,1,791.8272727272727,0,0.0,2
252,16,17336.04,0,0.0,0,0.0,0,0.0,0,0.0,0,0.0,0
253,15,53750.69,55,19069.42649727768,1,11085.927272727273,8,17723.343209876544,1,791.8272727272727,0,0.0,2
255,20,113.47,0,0.0,0,0.0,0,0.0,0,0.0,0,0.0,0
256,35,74819.57,1,7003.636363636363,1,14768.30909090909,4,15038.624390243904,0,0.0,0,0.0,0
257,15,22990.16,0,0.0,2,85423.72380952381,5,82578.71176470589,1,9044.581818181818,0,0.0,0
259,15,5595.12,0,0.0,0,0.0,0,0.0,0,0.0,0,0.0,0
261,35,1264.16,1,7003.636363636363,1,14768.30909090909,1,20640.0,0,0.0,0,0.0,0
262,0,3195.37,0,0.0,0,0.0,0,0.0,0,0.0,0,0.0,0
263,15,15804.65,149,23885.63024815559,1,11085.927272727273,29,24292.270790378003,1,791.8272727272727,0,0.0,2
266,15,17520.12,0,0.0,0,0.0,0,0.0,0,0.0,0,0.0,0
267,65,3490.87,0,0.0,0,0.0,1,60473.0909090909,0,0.0,0,0.0,0
269,18,48990.9205,0,0.0,0,0.0,3,29373.596774193546,0,0.0,0,0.0,0
270,15,96922.79,0,0.0,2,108501.7,0,0.0,0,0.0,0,0.0,0
271,15,2407.15,0,0.0,0,0.0,0,0.0,0,0.0,0,0.0,0
273,15,1897.5,93,23241.50128893662,1,11085.927272727273,18,24033.357458563536,1,791.8272727272727,0,0.0,2
274,15,14232.21,71,20287.749226441625,1,11085.927272727273,12,20537.457851239673,1,791.8272727272727,0,0.0,2
276,15,15925.12,0,0.0,1,6592.272727272727,0,0.0,0,0.0,0,0.0,0
278,15,15725.29,0,0.0,5,60627.09411764707,15,36140.42649006623,0,0.0,0,0.0,0
279,15,7224.52,1,2840.636363636363,0,0.0,1,5183.290909090909,0,0.0,0,0.0,0
280,15,510.06,0,0.0,11,10120.578378378379,13,14516.26717557252,0,0.0,0,0.0,0
281,15,36211.47,177,23859.43083003952,1,11085.927272727273,33,23431.687613293045,1,791.8272727272727,0,0.0,2
282,15,16793.1,43,21267.493039443158,0,0.0,7,20161.547887323944,1,791.8272727272727,0,0.0,2
283,15,2974.01,4,22928.37073170732,0,0.0,0,0.0,0,0.0,0,0.0,2
284,15,61646.9,9,26385.17472527473,4,12959.068292682929,5,19066.343137254906,0,0.0,0,0.0,0
285,15,52396.08,3,55643.96129032257,4,23342.107317073172,13,41305.300763358784,0,0.0,0,0.0,0
286,30,16912.8,0,0.0,0,0.0,0,0.0,0,0.0,0,0.0,0
287,65,245.54,2,33372.05714285714,0,0.0,7,33083.2014084507,0,0.0,0,0.0,0
289,15,16930.48,0,0.0,1,44166.52727272727,1,11580.709090909091,0,0.0,0,0.0,0
290,15,14949.55,186,24019.34476088125,1,11085.927272727273,37,24627.481940700804,1,791.8272727272727,0,0.0,2
291,15,29880.86,8,19865.988888888893,0,0.0,0,0.0,0,0.0,0,0.0,2
292,34,2960.57,1,3320.3090909090906,3,8635.535483870968,1,10420.172727272728,0,0.0,0,0.0,0
293,15,18126.73,0,0.0,0,0.0,0,0.0,0,0.0,0,0.0,0
294,15,72955.78,179,23715.4688442211,1,11085.927272727273,35,25082.993162393155,1,791.8272727272727,0,0.0,2
296,15,20211.37,3,13575.62258064516,5,69920.16470588236,5,33451.18235294118,0,0.0,0,0.0,0
297,15,58082.83,40,19641.400249376562,0,0.0,7,20161.547887323944,1,791.8272727272727,0,0.0,2
298,15,59.16,0,0.0,6,18213.40655737705,8,10730.02962962963,0,0.0,0,0.0,0
299,11,21032.9425,0,0.0,0,0.0,6,26733.79672131148,0,0.0,0,0.0,0
300,15,55286.67,125,23865.680255795356,1,11085.927272727273,21,23591.502369668247,1,791.8272727272727,0,0.0,2
302,15,110103.7,1,122233.87272727273,0,0.0,0,0.0,0,0.0,0,0.0,0
303,4,4698.17,2,1687.4666666666665,0,0.0,0,0.0,0,0.0,0,0.0,0
304,15,73644.11,0,0.0,3,36223.87096774193,5,55681.73921568628,0,0.0,0,0.0,0
305,15,17741.14,0,0.0,0,0.0,2,737.9714285714285,1,524.4363636363636,0,0.0,0
306,16,53496.9185,0,0.0,0,0.0,4,21488.43902439025,0,0.0,0,0.0,0
307,15,15872.12,50,20057.34690618763,1,11085.927272727273,8,17723.343209876544,1,791.8272727272727,0,0.0,2
308,15,44874.28,104,23724.91181556195,1,11085.927272727273,18,24033.357458563536,1,791.8272727272727,0,0.0,2
309,15,13.65,129,23963.050116188995,1,11085.927272727273,23,25126.30995670996,1,791.8272727272727,0,0.0,2
310,15,54614.3,0,0.0,4,39590.6756097561,6,57891.94426229508,0,0.0,0,0.0,0
313,15,39409.42,142,23754.39254046445,1,11085.927272727273,26,23470.657471264363,1,791.8272727272727,0,0.0,2
315,18,13807.1178,0,0.0,0,0.0,0,0.0,0,0.0,0,0.0,0
316,15,68.91,0,0.0,22,6381.696832579184,20,9633.343781094527,0,0.0,0,0.0,0
317,30,535045.04,0,0.0,0,0.0,0,0.0,0,0.0,0,0.0,0
318,15,20695.38,0,0.0,0,0.0,0,0.0,0,0.0,0,0.0,2
320,15,19020.02,0,0.0,1,15876.363636363634,0,0.0,0,0.0,0,0.0,0
321,17,383.64,6,3157.3836065573773,0,0.0,0,0.0,0,0.0,0,0.0,0
322,15,464.08,2,3549.680952380952,0,0.0,1,1086.7272727272727,0,0.0,0,0.0,0
325,15,27497.1,164,23611.53046922607,1,11085.927272727273,30,23649.7976744186,1,791.8272727272727,0,0.0,2
326,15,3795.7,159,23634.75480829666,1,11085.927272727273,29,24292.270790378003,1,791.8272727272727,0,0.0,2
327,15,61470.32,0,0.0,0,0.0,0,0.0,0,0.0,0,0.0,0
328,16,62.7,3,5994.393548387096,0,0.0,0,0.0,0,0.0,0,0.0,0
329,15,117771.0,0,0.0,0,0.0,5,82578.71176470589,0,0.0,0,0.0,0
331,15,59953.23,0,0.0,0,0.0,0,0.0,0,0.0,0,0.0,0
332,60,71580.0,0,0.0,0,0.0,0,0.0,0,0.0,0,0.0,0
334,12,573.2398,1,296.7181818181818,0,0.0,2,27737.585714285713,1,6162.818181818182,0,0.0,0
335,35,6127.08,0,0.0,0,0.0,1,2664.690909090909,0,0.0,0,0.0,0
336,11,4494.5589,0,0.0,0,0.0,4,39333.346341463424,0,0.0,0,0.0,0
337,15,69976.62,72,20731.61983356449,1,11085.927272727273,14,21987.720567375887,1,791.8272727272727,0,0.0,2
338,15,66520.4,0,0.0,0,0.0,0,0.0,0,0.0,0,0.0,0
339,66,955.72,0,0.0,0,0.0,0,0.0,0,0.0,0,0.0,0
341,20,51733.48,0,0.0,0,0.0,0,0.0,0,0.0,0,0.0,0
342,15,27350.39,127,24165.833202202983,1,11085.927272727273,22,25025.67285067873,1,791.8272727272727,0,0.0,2
343,15,53200.16,88,22500.554029511914,1,11085.927272727273,18,24033.357458563536,1,791.8272727272727,0,0.0,2
344,15,47825.79,0,0.0,0,0.0,0,0.0,0,0.0,0,0.0,0
345,15,14793.88,127,24165.833202202983,1,11085.927272727273,23,25126.30995670996,1,791.8272727272727,0,0.0,2
346,15,65476.71,0,0.0,1,2526.672727272727,0,0.0,0,0.0,0,0.0,0
347,15,45346.85,0,0.0,1,61767.57272727272,2,33245.31428571429,0,0.0,0,0.0,0
348,15,20557.14,0,0.0,0,0.0,0,0.0,0,0.0,0,0.0,0
349,15,131654.89,0,0.0,1,16814.418181818182,5,39488.86078431372,0,0.0,0,0.0,0
350,15,48098.93,12,18712.421487603304,0,0.0,1,32898.281818181815,0,0.0,0,0.0,2
351,15,49160.75,0,0.0,1,8987.881818181817,2,52363.55714285714,0,0.0,0,0.0,0
352,14,294.66,5,3718.701960784314,0,0.0,0,0.0,0,0.0,0,0.0,0
353,45,22348.78,0,0.0,0,0.0,0,0.0,0,0.0,0,0.0,0
354,15,34035.71,10,18925.676237623764,0,0.0,1,32898.281818181815,0,0.0,0,0.0,2
355,15,81427.89,0,0.0,1,57069.42727272727,8,26240.476543209876,0,0.0,0,0.0,0
356,15,148653.48,0,0.0,0,0.0,0,0.0,0,0.0,0,0.0,0
357,32,881.08,1,43477.990909090906,0,0.0,0,0.0,0,0.0,0,0.0,0
358,15,23707.2,0,0.0,0,0.0,0,0.0,0,0.0,0,0.0,0
359,15,167.97,0,0.0,2,48243.30952380952,5,16873.511764705883,0,0.0,0,0.0,0
360,12,238.26469999999998,0,0.0,0,0.0,1,3480.6454545454544,1,6162.818181818182,0,0.0,0
361,10,19464.369599999998,0,0.0,0,0.0,11,41252.036936936944,0,0.0,0,0.0,0
364,12,192652.85460000002,0,0.0,0,0.0,2,76288.45238095238,0,0.0,0,0.0,0
365,15,15608.85,111,23886.053285328526,1,11085.927272727273,20,21888.790049751246,1,791.8272727272727,0,0.0,2
366,15,64523.68,73,21405.28604651163,1,11085.927272727273,14,21987.720567375887,1,791.8272727272727,0,0.0,2
367,13,981.17,5,5619.949019607844,0,0.0,2,2261.8238095238094,0,0.0,0,0.0,0
368,15,23669.98,1,2188.3181818181815,0,0.0,0,0.0,0,0.0,0,0.0,0
369,15,133941.99,0,0.0,0,0.0,0,0.0,0,0.0,0,0.0,0
370,20,43342.59,0,0.0,0,0.0,0,0.0,0,0.0,0,0.0,0
371,15,52633.36,0,0.0,0,0.0,0,0.0,0,0.0,0,0.0,0
372,15,18335.4,0,0.0,0,0.0,1,49378.12727272727,0,0.0,0,0.0,0
373,60,30.18,0,0.0,0,0.0,0,0.0,0,0.0,0,0.0,0
374,15,126.24,0,0.0,9,12280.932967032968,10,10497.140594059405,0,0.0,0,0.0,0
375,15,17457.22,0,0.0,1,112337.77272727272,2,47681.15238095238,0,0.0,0,0.0,0
376,15,74006.39,2,52904.91904761905,2,11590.32857142857,4,38224.085365853665,0,0.0,0,0.0,0
377,15,709.01,0,0.0,16,7679.2453416149065,17,11307.380701754386,0,0.0,0,0.0,0
378,15,3098.03,0,0.0,1,1533.3999999999999,1,342.1363636363636,0,0.0,0,0.0,0
379,15,64575.56,0,0.0,1,5475.936363636363,0,0.0,0,0.0,0,0.0,0
380,18,141.6,5,1412.1901960784314,0,0.0,0,0.0,0,0.0,0,0.0,0
381,15,934.82,80,22223.12147315855,1,11085.927272727273,15,24028.576821192055,1,791.8272727272727,0,0.0,2
382,15,36365.76,0,0.0,0,0.0,0,0.0,0,0.0,0,0.0,0
384,15,2067.18,29,16389.271134020615,0,0.0,6,23443.847540983606,1,791.8272727272727,0,0.0,2
385,15,59731.06,0,0.0,0,0.0,0,0.0,0,0.0,0,0.0,0
386,15,7787.1,1,47848.50909090909,0,0.0,0,0.0,0,0.0,0,0.0,0
387,18,2175.46,4,2269.9707317073176,0,0.0,1,18961.081818181814,0,0.0,0,0.0,0
388,10,3955.0889,0,0.0,0,0.0,4,25567.66585365854,0,0.0,0,0.0,0
389,15,21953.66,4,3026.3414634146343,3,8635.535483870968,1,10420.172727272728,0,0.0,0,0.0,0
390,15,660.04,2,24338.766666666666,0,0.0,3,12251.616129032258,0,0.0,0,0.0,0
391,15,25093.71,1,26.027272727272724,4,52716.85609756099,3,29862.364516129033,0,0.0,0,0.0,0
392,65,1583.54,3,13575.62258064516,4,52716.85609756099,3,29862.364516129033,0,0.0,0,0.0,0
393,14,186.72,1,14969.072727272725,0,0.0,1,1697.3818181818178,0,0.0,0,0.0,0
394,15,41744.71,0,0.0,3,62629.354838709674,10,35198.628712871294,0,0.0,0,0.0,0
395,15,44117.6,55,19069.42649727768,1,11085.927272727273,8,17723.343209876544,1,791.8272727272727,0,0.0,2
397,15,62936.98,0,0.0,0,0.0,2,104499.00476190474,0,0.0,0,0.0,0
398,0,22644.2,0,0.0,0,0.0,0,0.0,2,33190.41904761904,0,0.0,0
400,15,10210.46,165,23635.06511205329,1,11085.927272727273,30,23649.7976744186,1,791.8272727272727,0,0.0,2
401,15,6293.46,7,18420.64647887324,3,8635.535483870968,2,15912.309523809523,0,0.0,0,0.0,0
404,15,43759.47,0,0.0,1,57069.42727272727,4,19912.90243902439,0,0.0,0,0.0,0
405,15,58744.01,1,10306.645454545453,0,0.0,7,33083.2014084507,0,0.0,0,0.0,0
406,15,18583.57,0,0.0,7,15656.470422535212,8,10730.02962962963,0,0.0,0,0.0,0
407,35,13437.26,0,0.0,0,0.0,0,0.0,0,0.0,0,0.0,0
408,15,39259.33,0,0.0,0,0.0,0,0.0,0,0.0,0,0.0,0
409,15,35428.53,0,0.0,0,0.0,0,0.0,0,0.0,0,0.0,0
410,15,2213.68,13,20955.66641221374,0,0.0,3,30437.364516129033,1,791.8272727272727,0,0.0,2
412,-34,576.88,0,0.0,0,0.0,0,0.0,0,0.0,0,0.0,0
413,15,18033.31,0,0.0,0,0.0,3,20519.22258064516,0,0.0,0,0.0,0
414,15,92275.72,0,0.0,1,6738.0545454545445,0,0.0,0,0.0,0,0.0,0
415,15,1898.2,113,23740.661803713516,1,11085.927272727273,20,21888.790049751246,1,791.8272727272727,0,0.0,2
416,15,3762.15,0,0.0,0,0.0,0,0.0,0,0.0,0,0.0,0
417,15,10129.32,0,0.0,0,0.0,1,39201.11818181818,0,0.0,0,0.0,0
418,15,28760.55,0,0.0,0,0.0,0,0.0,0,0.0,0,0.0,0
420,16,23328.0114,0,0.0,0,0.0,2,17025.95238095238,0,0.0,0,0.0,0
421,15,81703.39,0,0.0,2,3295.4761904761904,2,74141.2,0,0.0,0,0.0,0
422,15,3566.36,0,0.0,0,0.0,0,0.0,0,0.0,0,0.0,0
424,19,33.12,1,44.94545454545454,0,0.0,0,0.0,0,0.0,0,0.0,0
425,15,36833.34,0,0.0,0,0.0,0,0.0,0,0.0,0,0.0,0
426,10,42383.25,0,0.0,1,38537.545454545456,1,38530.22727272727,0,0.0,0,0.0,0
427,15,62776.37,0,0.0,0,0.0,4,19912.90243902439,0,0.0,0,0.0,0
429,40,28136.25,0,0.0,0,0.0,0,0.0,0,0.0,1,8157.263636363636,0
430,18,210.96,2,39.31428571428572,0,0.0,0,0.0,0,0.0,0,0.0,0
431,15,26530.93,0,0.0,0,0.0,0,0.0,0,0.0,0,0.0,0
432,15,9949.04,0,0.0,1,107064.54545454544,5,82578.71176470589,0,0.0,0,0.0,0
434,15,33163.97,0,0.0,0,0.0,2,40286.51904761905,0,0.0,0,0.0,0
435,15,1023.37,0,0.0,2,5284.919047619047,0,0.0,0,0.0,0,0.0,0
436,15,90731.43,0,0.0,0,0.0,0,0.0,0,0.0,0,0.0,0
437,12,222306.0021,0,0.0,0,0.0,5,96970.7117647059,0,0.0,0,0.0,0
438,15,79535.97,0,0.0,1,169.24545454545452,1,432.4454545454545,0,0.0,0,0.0,0
439,15,14634.32,82,22371.34275274056,1,11085.927272727273,16,22594.181987577642,1,791.8272727272727,0,0.0,2
441,10,33410.866299999994,0,0.0,0,0.0,0,0.0,0,0.0,0,0.0,0
443,15,83046.76,3,22686.08387096774,1,42423.56363636363,10,28943.765346534656,0,0.0,0,0.0,0
444,15,6475.55,0,0.0,0,0.0,0,0.0,0,0.0,0,0.0,0
448,15,47344.96,1,26.027272727272724,2,40619.66666666666,1,1072.790909090909,0,0.0,0,0.0,0
449,15,167.97,0,0.0,4,27000.421951219512,8,10730.02962962963,0,0.0,0,0.0,0
450,15,66176.65,0,0.0,0,0.0,1,54300.96363636363,0,0.0,0,0.0,0
451,15,151372.68,0,0.0,1,15927.381818181815,1,64644.43636363636,0,0.0,0,0.0,0
452,15,118272.16,0,0.0,3,65283.86451612903,5,82578.71176470589,1,9044.581818181818,0,0.0,0
453,15,21592.15,1,52718.627272727266,0,0.0,0,0.0,0,0.0,1,2048.9636363636364,0
455,15,57185.76,91,22568.825027442366,1,11085.927272727273,18,24033.357458563536,1,791.8272727272727,0,0.0,2
456,15,1092.51,123,24237.9437855402,1,11085.927272727273,21,23591.502369668247,1,791.8272727272727,0,0.0,2
457,19,17556.492700000003,0,0.0,0,0.0,0,0.0,0,0.0,0,0.0,0
459,15,795.63,0,0.0,17,7271.629239766082,17,11307.380701754386,0,0.0,0,0.0,0
460,15,61673.46,155,23522.126499032875,1,11085.927272727273,29,24292.270790378003,1,791.8272727272727,0,0.0,2
461,15,87020.67,0,0.0,0,0.0,1,81340.2,0,0.0,0,0.0,0
462,15,50939.87,0,0.0,0,0.0,1,14892.227272727272,0,0.0,0,0.0,0
463,4,18312.28,8,2449.21975308642,0,0.0,1,8469.8,0,0.0,0,0.0,0
464,15,267.3,24,16202.726556016594,0,0.0,6,23443.847540983606,1,791.8272727272727,0,0.0,2
465,15,86698.97,2,52904.91904761905,2,11590.32857142857,3,22587.025806451613,0,0.0,0,0.0,0
466,32,33418.94,0,0.0,0,0.0,0,0.0,0,0.0,0,0.0,0
467,15,235.24,0,0.0,12,9326.320661157024,14,13500.89574468085,0,0.0,0,0.0,0
469,15,3429.83,0,0.0,1,4275.20909090909,6,17728.950819672133,0,0.0,0,0.0,0
472,15,22635.54,0,0.0,6,53266.14262295082,18,34716.94751381215,0,0.0,0,0.0,0
474,15,54671.37,163,23421.096137339046,1,11085.927272727273,30,23649.7976744186,1,791.8272727272727,0,0.0,2
475,15,35615.31,0,0.0,1,87341.51818181817,3,27165.622580645162,0,0.0,0,0.0,0
476,15,239.42,0,0.0,8,13767.53950617284,9,11593.056043956043,0,0.0,0,0.0,0
477,15,7411.86,0,0.0,0,0.0,0,0.0,0,0.0,0,0.0,0
478,15,1898.2,134,24087.194630872473,1,11085.927272727273,24,24084.290871369296,1,791.8272727272727,0,0.0,2
479,20,2160.29,0,0.0,0,0.0,0,0.0,0,0.0,0,0.0,0
480,14,22175.5531,3,123594.56129032258,0,0.0,2,138494.2,0,0.0,0,0.0,0
481,32,7992.72,0,0.0,0,0.0,1,35655.73636363636,0,0.0,0,0.0,0
483,17,2931.16,0,0.0,0,0.0,0,0.0,0,0.0,0,0.0,0
484,15,1195.4,0,0.0,0,0.0,0,0.0,0,0.0,0,0.0,0
485,45,22041.56,0,0.0,0,0.0,0,0.0,1,9727.372727272726,0,0.0,0
487,15,17719.73,171,23787.764289888946,1,11085.927272727273,31,23115.739871382633,1,791.8272727272727,0,0.0,2
488,15,21273.77,0,0.0,1,16814.418181818182,4,43931.56585365854,0,0.0,0,0.0,0
489,15,1730.7,0,0.0,2,26819.185714285715,1,23731.70909090909,0,0.0,0,0.0,0
490,15,17851.5,0,0.0,0,0.0,0,0.0,0,0.0,0,0.0,1
491,15,37029.64,0,0.0,1,17536.954545454544,0,0.0,0,0.0,0,0.0,0
492,18,20519.204999999998,0,0.0,0,0.0,8,34778.16543209876,0,0.0,0,0.0,0
494,15,13689.19,3,55643.96129032257,2,36956.57619047619,8,48494.724691358024,0,0.0,0,0.0,0
495,15,9165.0,1,34641.08181818182,0,0.0,1,5341.045454545454,0,0.0,0,0.0,0
496,15,48970.0,120,23971.55970024978,1,11085.927272727273,21,23591.502369668247,1,791.8272727272727,0,0.0,2
497,15,2254.43,5,30252.44117647059,3,13657.106451612903,3,25472.81612903226,0,0.0,0,0.0,0
499,15,43829.94,0,0.0,0,0.0,3,11052.625806451613,0,0.0,0,0.0,0
500,15,9886.67,0,0.0,0,0.0,1,13536.60909090909,0,0.0,0,0.0,0
501,15,9222.81,0,0.0,3,32735.135483870967,6,14196.611475409838,0,0.0,0,0.0,0
503,15,15539.03,0,0.0,0,0.0,2,4874.142857142857,0,0.0,0,0.0,0
504,15,512.0,0,0.0,0,0.0,0,0.0,0,0.0,0,0.0,0
505,10,191122.2636,0,0.0,0,0.0,2,141067.59047619047,0,0.0,0,0.0,0
506,15,73309.01,6,30766.029508196727,0,0.0,2,22615.490476190476,0,0.0,0,0.0,0
507,15,1915.56,27,15862.281549815494,0,0.0,6,23443.847540983606,1,791.8272727272727,0,0.0,2
508,32,28175.07,6,16821.560655737707,3,8635.535483870968,2,15912.309523809523,0,0.0,0,0.0,0
509,15,4200.0,1,66110.07272727272,1,381.8181818181818,3,3864.6516129032257,0,0.0,0,0.0,0
510,15,15549.86,38,19852.933858267716,0,0.0,7,20161.547887323944,1,791.8272727272727,0,0.0,2
512,15,96075.67,0,0.0,0,0.0,0,0.0,0,0.0,0,0.0,0
513,15,206.36,0,0.0,0,0.0,1,121765.44545454544,0,0.0,0,0.0,0
514,15,48849.17,0,0.0,6,53266.14262295082,16,35155.49192546584,0,0.0,0,0.0,0
515,15,37124.42,3,18349.0,0,0.0,0,0.0,0,0.0,0,0.0,2
517,15,12707.34,0,0.0,0,0.0,0,0.0,0,0.0,0,0.0,0
518,15,4699.2,0,0.0,1,1493.7363636363634,0,0.0,0,0.0,0,0.0,0
521,18,10773.121000000001,0,0.0,0,0.0,0,0.0,0,0.0,0,0.0,0
523,15,265.5,50,20057.34690618763,1,11085.927272727273,8,17723.343209876544,1,791.8272727272727,0,0.0,2
524,16,1233.7803,0,0.0,0,0.0,5,31644.32352941177,0,0.0,0,0.0,0
525,10,31395.5553,0,0.0,0,0.0,5,21616.737254901964,0,0.0,0,0.0,0
526,10,1253.7969,0,0.0,0,0.0,10,45166.34455445545,0,0.0,0,0.0,0
527,15,14744.33,0,0.0,1,87341.51818181817,1,7157.772727272727,0,0.0,0,0.0,0
528,15,79706.18,1,26.027272727272724,1,5086.472727272727,1,1072.790909090909,0,0.0,0,0.0,0
530,15,24130.19,3,55643.96129032257,1,24573.22727272727,1,41955.163636363635,0,0.0,0,0.0,0
532,15,110271.34,0,0.0,0,0.0,0,0.0,0,0.0,0,0.0,0
533,13,53219.277599999994,2,48290.3,0,0.0,6,42678.29180327869,0,0.0,0,0.0,0
534,15,12194.52,47,20855.470912951172,0,0.0,8,17723.343209876544,1,791.8272727272727,0,0.0,2
536,15,33475.3,0,0.0,1,17117.154545454545,1,11202.51818181818,0,0.0,0,0.0,0
537,15,103040.02,0,0.0,1,113466.86363636363,0,0.0,0,0.0,0,0.0,0
538,10,21332.5,0,0.0,0,0.0,0,0.0,0,0.0,0,0.0,0
539,15,11530.3,0,0.0,0,0.0,2,63880.16666666665,0,0.0,0,0.0,0
540,15,50732.36,187,23970.869107429186,1,11085.927272727273,37,24627.481940700804,1,791.8272727272727,0,0.0,2
541,15,17464.0,0,0.0,0,0.0,0,0.0,0,0.0,0,0.0,0
542,15,15132.2,177,23859.43083003952,1,11085.927272727273,35,25082.993162393155,1,791.8272727272727,0,0.0,2
543,15,67686.57,117,23966.939368061478,1,11085.927272727273,20,21888.790049751246,1,791.8272727272727,0,0.0,2
544,6,13370.36,4,5274.697560975611,0,0.0,0,0.0,0,0.0,0,0.0,0
546,15,2156.16,0,0.0,0,0.0,0,0.0,0,0.0,0,0.0,0
547,15,31798.83,2,20499.290476190476,3,13657.106451612903,2,22460.428571428572,0,0.0,0,0.0,0
548,15,3795.7,37,20285.743396226415,0,0.0,7,20161.547887323944,1,791.8272727272727,0,0.0,2
549,15,766.53,0,0.0,15,8165.665562913908,14,13500.89574468085,0,0.0,0,0.0,0
550,15,58685.57,3,55643.96129032257,4,23342.107317073172,9,44669.94065934066,0,0.0,0,0.0,0
551,15,1714.14,0,0.0,0,0.0,0,0.0,0,0.0,0,0.0,0
552,45,15810.45,0,0.0,0,0.0,0,0.0,0,0.0,0,0.0,0
553,15,7232.256,0,0.0,0,0.0,10,38384.047524752474,0,0.0,0,0.0,0
554,15,41616.57,2,18669.20952380952,0,0.0,2,18940.390476190474,0,0.0,0,0.0,0
555,15,44460.03,175,23807.051513420898,1,11085.927272727273,32,22470.890342679122,1,791.8272727272727,0,0.0,2
556,15,5625.41,113,23740.661803713516,1,11085.927272727273,20,21888.790049751246,1,791.8272727272727,0,0.0,2
557,15,640.81,84,22697.735790725324,1,11085.927272727273,16,22594.181987577642,1,791.8272727272727,0,0.0,2
558,15,17375.6,14,19626.447517730496,0,0.0,4,25216.339024390247,1,791.8272727272727,0,0.0,2
560,15,13665.79,151,23978.95757776306,1,11085.927272727273,29,24292.270790378003,1,791.8272727272727,0,0.0,2
561,15,374.32,0,0.0,18,6913.839226519338,18,10693.99447513812,0,0.0,0,0.0,0
562,15,713.84,1,66110.07272727272,1,381.8181818181818,1,7081.872727272727,0,0.0,0,0.0,0
563,15,5621.11,0,0.0,0,0.0,0,0.0,0,0.0,0,0.0,0
564,15,71693.24,0,0.0,0,0.0,0,0.0,0,0.0,0,0.0,0
565,15,778.4,4,12945.434146341464,0,0.0,1,5183.290909090909,0,0.0,0,0.0,0
566,15,72624.23,0,0.0,1,3911.490909090909,0,0.0,0,0.0,0,0.0,0
567,15,4735.92,1,3206.8454545454547,3,2050.6548387096777,1,342.1363636363636,0,0.0,0,0.0,0
568,10,51.66,2,1687.4666666666665,0,0.0,1,4271.063636363636,0,0.0,0,0.0,0
569,10,42391.3,0,0.0,0,0.0,0,0.0,0,0.0,0,0.0,0
570,15,33778.35,10,29876.434653465345,5,14448.886274509803,5,19066.343137254906,0,0.0,0,0.0,0
572,45,16935.86,0,0.0,0,0.0,0,0.0,0,0.0,0,0.0,0
573,15,753.87,0,0.0,0,0.0,0,0.0,0,0.0,0,0.0,0
574,35,1687.37,0,0.0,0,0.0,0,0.0,0,0.0,0,0.0,0
575,15,10795.15,6,25662.603278688526,3,13657.106451612903,3,25472.81612903226,0,0.0,0,0.0,0
576,15,26104.88,0,0.0,2,26819.185714285715,0,0.0,0,0.0,0,0.0,0
577,15,32527.63,3,31161.69677419355,0,0.0,1,13604.454545454544,0,0.0,0,0.0,0
578,10,70163.54,0,0.0,0,0.0,0,0.0,0,0.0,0,0.0,0
579,15,139.52,33,17396.346223564953,0,0.0,6,23443.847540983606,1,791.8272727272727,0,0.0,2
580,35,13108.5,1,7003.636363636363,1,14768.30909090909,7,29772.023943661974,0,0.0,0,0.0,0
581,15,12005.99,0,0.0,2,71500.35714285714,5,39488.86078431372,0,0.0,0,0.0,0
582,15,43121.23,0,0.0,0,0.0,0,0.0,0,0.0,0,0.0,0
584,15,1715.75,3,55643.96129032257,1,24573.22727272727,5,58393.96666666667,0,0.0,0,0.0,0
585,60,8666.06,0,0.0,0,0.0,0,0.0,0,0.0,0,0.0,0
586,15,1200.99,16,18588.411801242233,0,0.0,4,25216.339024390247,1,791.8272727272727,0,0.0,2
588,15,47004.5,85,22438.547473560513,1,11085.927272727273,17,21821.883040935674,1,791.8272727272727,0,0.0,2
589,21,14743.96,2,7929.857142857143,0,0.0,1,1697.3818181818178,0,0.0,0,0.0,0
590,15,10295.37,0,0.0,0,0.0,1,13062.6,0,0.0,0,0.0,0
591,15,51669.22,1,13433.009090909089,3,42673.98387096774,1,56121.590909090904,0,0.0,0,0.0,0
592,15,21555.55,0,0.0,0,0.0,0,0.0,0,0.0,0,0.0,0
593,15,113631.54,0,0.0,0,0.0,0,0.0,0,0.0,0,0.0,0
594,15,12806.7,77,22322.167185473412,1,11085.927272727273,14,21987.720567375887,1,791.8272727272727,0,0.0,2
595,15,4702.73,0,0.0,0,0.0,5,15190.794117647061,0,0.0,0,0.0,0
597,19,2330.9849,0,0.0,0,0.0,0,0.0,0,0.0,0,0.0,0
598,11,85938.04550000001,0,0.0,0,0.0,0,0.0,0,0.0,0,0.0,0
599,15,565.17,1,24119.02727272727,0,0.0,0,0.0,0,0.0,0,0.0,0
602,18,108794.382,0,0.0,0,0.0,0,0.0,0,0.0,0,0.0,0
603,15,38476.57,21,15311.995260663502,0,0.0,5,20496.254901960787,1,791.8272727272727,0,0.0,2
604,15,140453.73,3,13575.62258064516,4,52716.85609756099,4,22965.09024390244,0,0.0,0,0.0,0
605,15,8942.17,0,0.0,1,1960.1454545454542,0,0.0,0,0.0,0,0.0,0
606,15,1473.29,1,5557.263636363636,0,0.0,3,28125.670967741935,0,0.0,0,0.0,0
607,15,32135.44,4,22928.37073170732,0,0.0,0,0.0,0,0.0,0,0.0,2
608,11,3367.1688000000004,0,0.0,0,0.0,1,2570.7272727272725,0,0.0,0,0.0,0
609,15,114429.2,0,0.0,1,39251.64545454545,3,17239.051612903226,0,0.0,0,0.0,0
610,15,14780.25,0,0.0,0,0.0,0,0.0,0,0.0,0,0.0,0
611,15,1235.26,11,20286.940540540538,0,0.0,1,32898.281818181815,0,0.0,0,0.0,2
612,32,20388.61,0,0.0,0,0.0,3,8314.429032258064,0,0.0,0,0.0,0
613,12,3556.2096,1,87761.91818181818,0,0.0,6,42678.29180327869,0,0.0,0,0.0,0
614,30,43191.66,0,0.0,0,0.0,0,0.0,0,0.0,0,0.0,0
615,13,14879.66,0,0.0,0,0.0,0,0.0,0,0.0,0,0.0,0
616,11,4948.743,0,0.0,0,0.0,1,3480.6454545454544,0,0.0,0,0.0,0
618,4,2279.05,4,6434.802439024392,0,0.0,2,2261.8238095238094,0,0.0,0,0.0,0
621,15,80350.75,0,0.0,0,0.0,2,53814.376190476185,0,0.0,0,0.0,0
622,15,16091.15,0,0.0,0,0.0,0,0.0,0,0.0,0,0.0,0
623,15,1191.92,0,0.0,0,0.0,0,0.0,0,0.0,0,0.0,0
624,15,1897.5,109,24251.933822181476,1,11085.927272727273,19,22865.912565445025,1,791.8272727272727,0,0.0,2
626,15,871.01,12,18712.421487603304,0,0.0,1,32898.281818181815,0,0.0,0,0.0,2
628,15,47291.41,71,20287.749226441625,1,11085.927272727273,13,20056.141221374048,1,791.8272727272727,0,0.0,2
630,32,10302.08,0,0.0,0,0.0,0,0.0,0,0.0,0,0.0,0
631,15,38294.27,0,0.0,0,0.0,0,0.0,0,0.0,0,0.0,0
632,15,43056.57,0,0.0,0,0.0,0,0.0,0,0.0,0,0.0,0
634,12,82923.8317,3,10625.464516129032,0,0.0,3,19043.287096774195,1,6162.818181818182,0,0.0,0
635,15,1355.27,20,16006.359701492534,0,0.0,4,25216.339024390247,1,791.8272727272727,0,0.0,2
636,15,76933.62,2,45506.028571428564,1,24573.22727272727,1,41955.163636363635,0,0.0,0,0.0,0
637,10,2714.35,0,0.0,0,0.0,0,0.0,0,0.0,0,0.0,0
638,15,544.42,0,0.0,3,32735.135483870967,5,16873.511764705883,0,0.0,0,0.0,0
639,19,124214.3326,0,0.0,0,0.0,1,135484.9090909091,0,0.0,0,0.0,0
640,15,1584.8,4,42596.3024390244,0,0.0,2,22615.490476190476,0,0.0,0,0.0,0
641,15,18495.86,0,0.0,0,0.0,1,42249.53636363636,0,0.0,0,0.0,0
642,15,19557.41,25,15567.849003984062,0,0.0,6,23443.847540983606,1,791.8272727272727,0,0.0,2
643,15,3711.48,0,0.0,0,0.0,0,0.0,0,0.0,0,0.0,0
646,15,135078.23,0,0.0,0,0.0,1,65175.67272727273,0,0.0,0,0.0,0
647,15,12731.68,74,21987.180701754387,1,11085.927272727273,14,21987.720567375887,1,791.8272727272727,0,0.0,2
648,15,28860.44,0,0.0,0,0.0,0,0.0,0,0.0,0,0.0,0
651,15,50578.05,91,22568.825027442366,1,11085.927272727273,18,24033.357458563536,1,791.8272727272727,0,0.0,2
652,15,16282.38,102,23952.592850146906,1,11085.927272727273,18,24033.357458563536,1,791.8272727272727,0,0.0,2
653,30,70142.76,0,0.0,0,0.0,0,0.0,0,0.0,0,0.0,0
654,15,48.74,1,43477.990909090906,0,0.0,2,18062.509523809524,0,0.0,0,0.0,0
655,15,5323.59,0,0.0,0,0.0,0,0.0,0,0.0,0,0.0,0
656,15,10203.2,151,23978.95757776306,1,11085.927272727273,29,24292.270790378003,1,791.8272727272727,0,0.0,2
657,15,728.01,0,0.0,19,6571.456020942409,18,10693.99447513812,0,0.0,0,0.0,0
659,15,20282.98,0,0.0,6,53266.14262295082,15,36140.42649006623,0,0.0,0,0.0,0
660,15,9222.81,0,0.0,14,8090.690780141845,14,13500.89574468085,0,0.0,0,0.0,0
661,15,15839.46,3,55643.96129032257,2,36956.57619047619,9,44669.94065934066,0,0.0,0,0.0,0
663,15,158.23,0,0.0,4,27000.421951219512,7,12219.015492957746,0,0.0,0,0.0,0
664,19,64556.7324,0,0.0,0,0.0,3,180017.18064516128,0,0.0,0,0.0,0
666,11,116776.08519999999,0,0.0,0,0.0,0,0.0,0,0.0,0,0.0,0
667,15,39664.91,0,0.0,4,67404.30731707318,11,35788.36576576577,0,0.0,0,0.0,0
670,15,822.03,0,0.0,0,0.0,0,0.0,1,524.4363636363636,0,0.0,0
671,15,38128.47,0,0.0,2,26819.185714285715,2,13255.038095238095,0,0.0,0,0.0,0
674,15,93149.86,0,0.0,0,0.0,0,0.0,0,0.0,0,0.0,0
676,15,2779.34,0,0.0,0,0.0,0,0.0,0,0.0,0,0.0,0
677,15,86572.76,1,9128.127272727272,0,0.0,0,0.0,0,0.0,0,0.0,0
678,15,471.56,154,23671.708371187535,1,11085.927272727273,29,24292.270790378003,1,791.8272727272727,0,0.0,2
679,0,113248.8,0,0.0,0,0.0,0,0.0,3,29788.412903225802,0,0.0,0
680,15,23699.69,1,54502.93636363636,1,581.8181818181818,2,26661.87619047619,0,0.0,0,0.0,0
683,15,44409.01,115,23393.505299739347,1,11085.927272727273,20,21888.790049751246,1,791.8272727272727,0,0.0,2
684,15,14135.58,0,0.0,1,57069.42727272727,6,29044.685245901637,0,0.0,0,0.0,0
686,15,70114.05,97,23450.63048403707,1,11085.927272727273,18,24033.357458563536,1,791.8272727272727,0,0.0,2
689,10,33810.7092,0,0.0,0,0.0,0,0.0,0,0.0,0,0.0,0
690,20,48057.12,0,0.0,0,0.0,0,0.0,0,0.0,0,0.0,0
691,15,83492.85,1,26.027272727272724,3,42789.11612903226,3,29862.364516129033,0,0.0,0,0.0,0
692,20,3466.86,2,486.08571428571423,0,0.0,1,18961.081818181814,0,0.0,0,0.0,0
693,15,28327.91,0,0.0,0,0.0,0,0.0,0,0.0,0,0.0,0
694,15,995.02,0,0.0,13,8632.34503816794,14,13500.89574468085,0,0.0,0,0.0,0
695,10,8587.2,0,0.0,0,0.0,0,0.0,0,0.0,0,0.0,0
696,15,12028.76,0,0.0,2,6128.128571428571,0,0.0,0,0.0,0,0.0,0
697,15,7837.29,64,20198.09906396256,1,11085.927272727273,12,20537.457851239673,1,791.8272727272727,0,0.0,2
699,15,32198.4,1,112770.3818181818,6,53266.14262295082,23,34437.289610389606,0,0.0,0,0.0,0
700,15,83318.45,95,23008.8050473186,1,11085.927272727273,18,24033.357458563536,1,791.8272727272727,0,0.0,2
702,15,47009.34,161,23417.04767225325,1,11085.927272727273,29,24292.270790378003,1,791.8272727272727,0,0.0,2
705,15,35525.25,0,0.0,0,0.0,0,0.0,0,0.0,0,0.0,0
706,15,7414.98,0,0.0,0,0.0,3,46993.112903225796,0,0.0,0,0.0,0
707,15,9031.16,13,20955.66641221374,0,0.0,3,30437.364516129033,1,791.8272727272727,0,0.0,2
708,15,74804.43,0,0.0,1,16814.418181818182,1,42249.53636363636,0,0.0,0,0.0,0
709,10,18145.19,0,0.0,1,13660.30909090909,0,0.0,0,0.0,0,0.0,0
710,15,14029.84,2,52904.91904761905,2,11590.32857142857,2,26661.87619047619,0,0.0,0,0.0,0
711,15,43441.4,0,0.0,0,0.0,0,0.0,0,0.0,0,0.0,0
712,15,4302.64,0,0.0,0,0.0,0,0.0,0,0.0,0,0.0,0
713,15,37441.9,0,0.0,0,0.0,0,0.0,0,0.0,0,0.0,0
715,21,567.96,0,0.0,0,0.0,1,18961.081818181814,0,0.0,0,0.0,0
716,15,63.33,0,0.0,9,12280.932967032968,12,8802.746280991736,0,0.0,0,0.0,0
717,15,42169.82,146,23977.61950718685,1,11085.927272727273,29,24292.270790378003,1,791.8272727272727,0,0.0,2
718,15,124813.55,0,0.0,0,0.0,0,0.0,0,0.0,0,0.0,0
719,15,61733.75,0,0.0,1,16478.84545454545,0,0.0,0,0.0,0,0.0,0
720,15,68612.73,177,23859.43083003952,1,11085.927272727273,34,23806.461290322575,1,791.8272727272727,0,0.0,2
721,15,16907.37,1,20690.572727272727,0,0.0,0,0.0,0,0.0,0,0.0,0
724,15,83649.87,0,0.0,11,10120.578378378379,12,8802.746280991736,0,0.0,0,0.0,0
725,15,93120.58,0,0.0,0,0.0,2,98462.60476190477,0,0.0,0,0.0,0
726,20,11148.0,0,0.0,0,0.0,0,0.0,0,0.0,0,0.0,0
727,0,9117.6,0,0.0,0,0.0,0,0.0,4,50144.60487804878,0,0.0,0
729,30,75652.09,0,0.0,0,0.0,0,0.0,0,0.0,0,0.0,0
730,15,123571.55,0,0.0,0,0.0,0,0.0,0,0.0,0,0.0,0
732,15,50574.77,0,0.0,0,0.0,0,0.0,0,0.0,0,0.0,0
733,15,7573.129499999999,0,0.0,0,0.0,1,23073.045454545452,0,0.0,0,0.0,0
734,15,43105.4,3,55643.96129032257,4,23342.107317073172,14,42091.880851063834,0,0.0,0,0.0,0
735,15,53246.58,0,0.0,2,28117.819047619047,5,55681.73921568628,0,0.0,0,0.0,0
736,15,233.63,0,0.0,0,0.0,2,40062.85238095238,0,0.0,0,0.0,0
737,15,85745.12,0,0.0,0,0.0,1,86268.88181818182,0,0.0,0,0.0,0
738,10,7235.42,0,0.0,0,0.0,0,0.0,0,0.0,0,0.0,0
740,15,13044.44,0,0.0,0,0.0,0,0.0,0,0.0,0,0.0,0
741,15,8931.94,3,14240.109677419354,0,0.0,1,5183.290909090909,0,0.0,0,0.0,0
742,15,868.89,0,0.0,1,383.4363636363636,4,20777.07804878049,0,0.0,0,0.0,0
743,11,2244.969,0,0.0,0,0.0,0,0.0,0,0.0,0,0.0,0
744,20,37050.19,1,43477.990909090906,0,0.0,1,800.9818181818182,0,0.0,0,0.0,0
746,15,1084.89,0,0.0,0,0.0,3,19423.558064516128,0,0.0,0,0.0,0
748,15,14864.04,0,0.0,0,0.0,0,0.0,0,0.0,0,0.0,0
749,15,2342.0,0,0.0,2,11036.485714285714,0,0.0,0,0.0,0,0.0,0
750,15,6648.18,0,0.0,0,0.0,0,0.0,0,0.0,0,0.0,0
751,15,16286.18,49,20134.15274949084,1,11085.927272727273,8,17723.343209876544,1,791.8272727272727,0,0.0,2
752,35,18250.2,1,7003.636363636363,1,14768.30909090909,2,11413.409523809523,0,0.0,0,0.0,0
754,15,1481.01,179,23715.4688442211,1,11085.927272727273,35,25082.993162393155,1,791.8272727272727,0,0.0,2
755,15,13720.16,1,18813.98181818182,0,0.0,0,0.0,0,0.0,0,0.0,2
756,15,35052.83,0,0.0,0,0.0,0,0.0,0,0.0,0,0.0,0
757,15,54315.94,0,0.0,0,0.0,0,0.0,0,0.0,0,0.0,0
760,15,11990.8,0,0.0,0,0.0,0,0.0,0,0.0,0,0.0,0
761,15,36360.46,40,19641.400249376562,0,0.0,7,20161.547887323944,1,791.8272727272727,0,0.0,2
763,15,33.18,0,0.0,21,6667.830805687203,19,10135.970157068063,0,0.0,0,0.0,0
764,19,17.6149,0,0.0,0,0.0,1,34.74545454545454,0,0.0,0,0.0,0
765,15,9506.24,0,0.0,0,0.0,0,0.0,0,0.0,0,0.0,0
766,15,6891.47,0,0.0,0,0.0,0,0.0,0,0.0,0,0.0,0
767,15,19606.32,1,32295.681818181816,0,0.0,0,0.0,0,0.0,0,0.0,0
768,15,356.13,0,0.0,7,15656.470422535212,9,11593.056043956043,0,0.0,0,0.0,0
769,30,40865.79,0,0.0,0,0.0,0,0.0,1,10725.436363636363,0,0.0,0
770,15,5600.41,95,23008.8050473186,1,11085.927272727273,18,24033.357458563536,1,791.8272727272727,0,0.0,2
771,15,1074.15,145,23899.22839421088,1,11085.927272727273,28,25118.538434163696,1,791.8272727272727,0,0.0,2
772,15,57990.49,0,0.0,0,0.0,0,0.0,0,0.0,0,0.0,0
773,75,1055.0,1,10306.645454545453,0,0.0,6,38333.7262295082,0,0.0,0,0.0,0
774,15,14776.32,0,0.0,1,16478.84545454545,1,56121.590909090904,0,0.0,0,0.0,0
775,20,44415.7331,0,0.0,0,0.0,6,130996.62295081968,0,0.0,0,0.0,0
776,15,17521.53,59,19679.76040609137,1,11085.927272727273,10,22460.567326732675,1,791.8272727272727,0,0.0,2
778,13,26398.0118,0,0.0,0,0.0,0,0.0,0,0.0,0,0.0,0
779,15,31376.61,0,0.0,0,0.0,0,0.0,0,0.0,0,0.0,0
780,15,1066.04,0,0.0,0,0.0,0,0.0,0,0.0,0,0.0,0
781,15,51951.41,0,0.0,0,0.0,0,0.0,0,0.0,0,0.0,0
782,15,3895.98,4,12945.434146341464,1,707.6363636363635,1,5183.290909090909,0,0.0,0,0.0,0
783,20,17817.7,3,27439.399999999998,3,13657.106451612903,3,25472.81612903226,0,0.0,0,0.0,0
784,17,2813.28,2,7509.2095238095235,0,0.0,0,0.0,0,0.0,0,0.0,0
785,15,100889.17,0,0.0,1,383.4363636363636,5,16873.511764705883,0,0.0,0,0.0,0
786,65,1596.91,0,0.0,1,4839.627272727273,1,48742.127272727266,0,0.0,0,0.0,0
787,15,47397.91,0,0.0,0,0.0,0,0.0,0,0.0,0,0.0,0
788,15,813.21,124,24051.437469782424,1,11085.927272727273,21,23591.502369668247,1,791.8272727272727,0,0.0,2
789,15,136.51,1,3320.3090909090906,1,103.15454545454544,0,0.0,0,0.0,0,0.0,0
790,15,93656.42,0,0.0,0,0.0,4,79876.83170731708,0,0.0,0,0.0,0
791,15,151747.67,0,0.0,4,39590.6756097561,5,39488.86078431372,0,0.0,0,0.0,0
792,12,19461.836499999998,0,0.0,0,0.0,1,30475.454545454544,0,0.0,0,0.0,0
793,15,15363.53,146,23977.61950718685,1,11085.927272727273,29,24292.270790378003,1,791.8272727272727,0,0.0,2
794,15,15975.71,7,20413.915492957745,0,0.0,0,0.0,0,0.0,0,0.0,2
795,15,38842.72,0,0.0,1,16814.418181818182,2,57751.866666666654,0,0.0,0,0.0,0
796,15,57816.02,117,23966.939368061478,1,11085.927272727273,20,21888.790049751246,1,791.8272727272727,0,0.0,2
797,15,20465.05,17,17571.60350877193,0,0.0,4,25216.339024390247,1,791.8272727272727,0,0.0,2
798,4,9316.78,6,3157.3836065573773,0,0.0,0,0.0,0,0.0,0,0.0,0
799,15,471.56,18,17731.462430939224,0,0.0,4,25216.339024390247,1,791.8272727272727,0,0.0,2
800,15,106995.64,0,0.0,0,0.0,0,0.0,0,0.0,0,0.0,0
801,15,21239.7,0,0.0,1,57069.42727272727,7,26944.811267605637,0,0.0,0,0.0,0
802,15,66918.46,3,55643.96129032257,1,24573.22727272727,3,54802.977419354844,0,0.0,0,0.0,0
803,15,120252.05,0,0.0,0,0.0,0,0.0,0,0.0,0,0.0,0
804,15,23137.12,0,0.0,0,0.0,0,0.0,0,0.0,0,0.0,0
805,15,728.02,0,0.0,0,0.0,2,34595.876190476185,0,0.0,0,0.0,0
808,35,7704.0,0,0.0,0,0.0,0,0.0,0,0.0,0,0.0,0
809,20,107.72,0,0.0,0,0.0,0,0.0,0,0.0,0,0.0,0
810,45,10700.11,0,0.0,0,0.0,0,0.0,0,0.0,0,0.0,0
811,15,22952.87,1,5557.263636363636,0,0.0,2,30588.90952380952,0,0.0,0,0.0,0
813,15,2274.48,0,0.0,1,39251.64545454545,1,2353.3181818181815,0,0.0,0,0.0,0
814,15,61618.82,0,0.0,1,107064.54545454544,5,82578.71176470589,1,9044.581818181818,0,0.0,0
815,35,7214.57,0,0.0,0,0.0,0,0.0,0,0.0,0,0.0,0
816,-5,11797.98,0,0.0,0,0.0,0,0.0,0,0.0,0,0.0,0
817,15,18025.63,35,18903.932478632476,0,0.0,7,20161.547887323944,1,791.8272727272727,0,0.0,2
818,15,14194.81,22,16581.6407239819,0,0.0,6,23443.847540983606,1,791.8272727272727,0,0.0,2
819,15,46232.17,1,10306.645454545453,0,0.0,5,36785.01176470588,0,0.0,0,0.0,0
820,15,2351.5,0,0.0,0,0.0,0,0.0,0,0.0,0,0.0,0
822,15,42399.7,0,0.0,4,78207.83902439025,5,82578.71176470589,1,9044.581818181818,0,0.0,0
823,15,19164.44,90,22606.609544950054,1,11085.927272727273,18,24033.357458563536,1,791.8272727272727,0,0.0,2
824,13,27.0,5,6862.082352941177,0,0.0,0,0.0,0,0.0,0,0.0,0
825,15,374.54,1,128.0090909090909,1,701.4727272727272,0,0.0,0,0.0,0,0.0,0
826,15,2378.02,0,0.0,2,5180.261904761905,0,0.0,0,0.0,0,0.0,0
827,15,136843.3,0,0.0,0,0.0,0,0.0,0,0.0,0,0.0,0
828,16,62843.85,0,0.0,0,0.0,0,0.0,0,0.0,0,0.0,0
831,15,8001.57,0,0.0,1,18688.30909090909,0,0.0,0,0.0,0,0.0,0
833,15,17940.4,0,0.0,0,0.0,2,20129.82380952381,0,0.0,0,0.0,0
834,10,1594.466,0,0.0,0,0.0,7,49131.916901408455,0,0.0,0,0.0,0
835,13,889.68,0,0.0,0,0.0,0,0.0,0,0.0,0,0.0,0
836,15,77915.7,0,0.0,6,53266.14262295082,20,33080.48009950248,0,0.0,0,0.0,0
837,15,46934.33,8,23848.241975308643,4,12959.068292682929,5,19066.343137254906,0,0.0,0,0.0,0
838,15,155.68,0,0.0,4,27000.421951219512,6,14196.611475409838,0,0.0,0,0.0,0
839,15,3629.22,45,20738.792682926836,0,0.0,8,17723.343209876544,1,791.8272727272727,0,0.0,2
840,15,43176.81,0,0.0,0,0.0,1,2353.3181818181815,0,0.0,0,0.0,0
843,40,11859.28,1,128.0090909090909,2,545.7904761904762,0,0.0,0,0.0,0,0.0,0
844,15,10162.97,0,0.0,0,0.0,0,0.0,0,0.0,0,0.0,0
846,7,22732.45,3,1177.4967741935484,0,0.0,2,2261.8238095238094,0,0.0,0,0.0,0
847,0,263.31,0,0.0,0,0.0,0,0.0,0,0.0,0,0.0,0
848,15,48583.18,0,0.0,0,0.0,0,0.0,0,0.0,0,0.0,0
849,15,44840.54,10,29876.434653465345,6,17617.65081967213,5,19066.343137254906,0,0.0,0,0.0,0
850,15,36180.8,2,28771.647619047617,0,0.0,0,0.0,0,0.0,0,0.0,0
852,15,15.42,0,0.0,15,8165.665562913908,14,13500.89574468085,0,0.0,0,0.0,0
853,15,134134.07,0,0.0,0,0.0,3,62374.49677419355,0,0.0,0,0.0,0
855,15,33032.12,0,0.0,0,0.0,1,35447.00909090909,0,0.0,0,0.0,0
856,15,739.19,0,0.0,0,0.0,0,0.0,0,0.0,0,0.0,0
857,15,6803.07,177,23859.43083003952,1,11085.927272727273,35,25082.993162393155,1,791.8272727272727,0,0.0,2
858,15,25729.19,0,0.0,2,47470.27619047619,0,0.0,0,0.0,0,0.0,0
859,15,136578.08,0,0.0,0,0.0,0,0.0,0,0.0,0,0.0,0
860,15,7921.21,102,23952.592850146906,1,11085.927272727273,18,24033.357458563536,1,791.8272727272727,0,0.0,2
861,15,74648.08,0,0.0,0,0.0,0,0.0,0,0.0,0,0.0,0
862,15,71480.75,32,15711.473831775696,0,0.0,6,23443.847540983606,1,791.8272727272727,0,0.0,2
863,15,67907.14,0,0.0,4,67404.30731707318,13,35344.50534351145,0,0.0,0,0.0,0
864,15,1572.26,1,3206.8454545454547,2,2278.461904761905,1,342.1363636363636,0,0.0,0,0.0,0
865,15,15505.86,182,23813.863207029106,1,11085.927272727273,35,25082.993162393155,1,791.8272727272727,0,0.0,2
868,15,205.09,0,0.0,18,6913.839226519338,17,11307.380701754386,0,0.0,0,0.0,0
870,15,5164.92,14,19626.447517730496,0,0.0,4,25216.339024390247,1,791.8272727272727,0,0.0,2
871,11,22943.0459,0,0.0,0,0.0,1,42105.490909090906,0,0.0,0,0.0,0
873,15,165.03,0,0.0,3,52308.62580645161,5,39488.86078431372,0,0.0,0,0.0,0
874,15,9836.64,23,16478.314718614714,0,0.0,6,23443.847540983606,1,791.8272727272727,0,0.0,2
875,15,46150.68,2,45506.028571428564,1,24573.22727272727,0,0.0,0,0.0,0,0.0,0
876,15,7625.11,130,24179.9960799385,1,11085.927272727273,24,24084.290871369296,1,791.8272727272727,0,0.0,2
877,15,2440.08,3,55643.96129032257,4,23342.107317073172,12,44517.30247933885,0,0.0,0,0.0,0
878,35,19440.0,1,7003.636363636363,1,14768.30909090909,3,13618.825806451612,0,0.0,0,0.0,0
879,15,52290.82,71,20287.749226441625,1,11085.927272727273,14,21987.720567375887,1,791.8272727272727,0,0.0,2
880,15,32652.69,145,23899.22839421088,1,11085.927272727273,26,23470.657471264363,1,791.8272727272727,0,0.0,2
881,15,1143.91,20,16006.359701492534,0,0.0,4,25216.339024390247,1,791.8272727272727,0,0.0,2
882,15,10153.85,0,0.0,0,0.0,0,0.0,0,0.0,0,0.0,0
883,15,13905.36,0,0.0,6,53266.14262295082,19,34084.413089005226,0,0.0,0,0.0,0
884,15,33132.17,169,23786.472028385564,1,11085.927272727273,31,23115.739871382633,1,791.8272727272727,0,0.0,2
885,15,14486.57,3,55643.96129032257,4,23342.107317073172,10,46057.62673267326,0,0.0,0,0.0,0
886,15,14448.41,0,0.0,19,6571.456020942409,18,10693.99447513812,0,0.0,0,0.0,0
887,15,33795.12,2,4928.200000000001,0,0.0,1,5183.290909090909,0,0.0,0,0.0,0
888,15,40101.2,0,0.0,2,28117.819047619047,2,52363.55714285714,0,0.0,0,0.0,0
890,35,59586.06,0,0.0,0,0.0,0,0.0,0,0.0,0,0.0,0
891,15,29604.62,1,16228.636363636362,0,0.0,0,0.0,0,0.0,0,0.0,1
892,15,38105.19,0,0.0,0,0.0,0,0.0,0,0.0,0,0.0,0
893,10,809.7306,0,0.0,0,0.0,3,33457.48709677419,0,0.0,0,0.0,0
895,45,7927.73,0,0.0,0,0.0,1,20037.78181818182,1,9727.372727272726,0,0.0,0
896,11,12035.926099999999,0,0.0,0,0.0,3,46702.951612903234,0,0.0,0,0.0,0
897,15,11337.31,0,0.0,0,0.0,5,36785.01176470588,0,0.0,0,0.0,0
901,34,3652.34,0,0.0,1,103.15454545454544,0,0.0,0,0.0,0,0.0,0
902,15,727.71,0,0.0,0,0.0,1,747.3,1,524.4363636363636,0,0.0,0
903,15,16254.84,1,26.027272727272724,3,42789.11612903226,1,1072.790909090909,0,0.0,0,0.0,0
906,15,13664.07,67,19707.681222056635,1,11085.927272727273,12,20537.457851239673,1,791.8272727272727,0,0.0,2
907,15,90635.92,3,55643.96129032257,2,36956.57619047619,6,49102.45573770492,0,0.0,0,0.0,0
908,15,334.3,0,0.0,15,8165.665562913908,16,11872.334161490684,0,0.0,0,0.0,0
909,45,4329.96,0,0.0,0,0.0,0,0.0,0,0.0,0,0.0,0
910,10,41395.2,0,0.0,0,0.0,0,0.0,0,0.0,0,0.0,0
912,15,33450.91,0,0.0,0,0.0,1,12599.427272727273,0,0.0,0,0.0,0
913,15,30673.55,0,0.0,1,4275.20909090909,5,15190.794117647061,0,0.0,0,0.0,0
914,15,6836.12,3,22686.08387096774,0,0.0,9,31373.176923076928,0,0.0,0,0.0,0
915,10,178855.6794,0,0.0,0,0.0,0,0.0,0,0.0,0,0.0,0
917,15,53858.83,108,23978.04949121183,1,11085.927272727273,18,24033.357458563536,1,791.8272727272727,0,0.0,2
919,10,62205.86229999999,0,0.0,0,0.0,8,43335.90246913581,0,0.0,0,0.0,0
920,15,60353.2,0,0.0,3,62629.354838709674,8,26240.476543209876,0,0.0,0,0.0,0
921,35,13691.52,0,0.0,0,0.0,0,0.0,0,0.0,0,0.0,0
922,15,35352.17,145,23899.22839421088,1,11085.927272727273,28,25118.538434163696,1,791.8272727272727,0,0.0,2
923,32,2082.1,2,3149.004761904762,3,8635.535483870968,1,10420.172727272728,0,0.0,0,0.0,0
925,15,13512.08,0,0.0,0,0.0,1,26145.954545454544,0,0.0,0,0.0,0
926,15,27839.82,0,0.0,3,15397.458064516128,0,0.0,0,0.0,0,0.0,0
927,15,25499.04,0,0.0,0,0.0,1,7027.809090909091,0,0.0,0,0.0,0
928,15,8917.91,80,22223.12147315855,1,11085.927272727273,16,22594.181987577642,1,791.8272727272727,0,0.0,2
929,15,86200.93,0,0.0,1,169.24545454545452,2,38100.79047619048,0,0.0,0,0.0,0
930,15,29541.96,59,19679.76040609137,1,11085.927272727273,9,21682.39230769231,1,791.8272727272727,0,0.0,2
931,16,43.08,8,2449.21975308642,0,0.0,2,13156.695238095237,0,0.0,0,0.0,0
932,15,55611.36,0,0.0,0,0.0,2,86019.47142857143,0,0.0,0,0.0,0
934,15,52804.65,78,22200.330217669652,1,11085.927272727273,14,21987.720567375887,1,791.8272727272727,0,0.0,2
935,20,4098.25,0,0.0,0,0.0,0,0.0,0,0.0,0,0.0,0
936,15,10104.04,0,0.0,1,18688.30909090909,1,7274.154545454545,0,0.0,0,0.0,0
937,15,43253.5,0,0.0,0,0.0,1,26236.763636363634,0,0.0,0,0.0,0
938,5,452.82,1,516.3272727272728,0,0.0,1,18961.081818181814,0,0.0,0,0.0,0
939,11,130911.3526,3,123594.56129032258,0,0.0,0,0.0,0,0.0,0,0.0,0
940,15,71128.23,126,23793.411340206178,1,11085.927272727273,22,25025.67285067873,1,791.8272727272727,0,0.0,2
941,15,17662.12,70,20325.204707560628,1,11085.927272727273,12,20537.457851239673,1,791.8272727272727,0,0.0,2
942,65,6112.99,0,0.0,0,0.0,1,9239.063636363635,0,0.0,0,0.0,0
943,11,22538.822999999997,0,0.0,0,0.0,2,28658.595238095237,0,0.0,0,0.0,0
945,15,33520.3,3,55643.96129032257,5,27217.262745098044,16,43882.92049689441,0,0.0,0,0.0,0
946,15,32260.93,165,23635.06511205329,1,11085.927272727273,30,23649.7976744186,1,791.8272727272727,0,0.0,2
947,15,39165.33,1,9185.49090909091,1,18688.30909090909,1,7274.154545454545,0,0.0,0,0.0,0
948,20,16156.49,0,0.0,0,0.0,2,8622.214285714286,0,0.0,0,0.0,0
949,20,3118.63,2,5590.9333333333325,0,0.0,0,0.0,0,0.0,0,0.0,0
950,3,16465.98,0,0.0,0,0.0,0,0.0,0,0.0,0,0.0,0
951,12,44193.032,0,0.0,0,0.0,0,0.0,0,0.0,0,0.0,0
953,15,21760.18,0,0.0,2,12367.590476190475,0,0.0,0,0.0,0,0.0,0
954,15,57558.02,82,22371.34275274056,1,11085.927272727273,16,22594.181987577642,1,791.8272727272727,0,0.0,2
955,15,19047.56,0,0.0,0,0.0,0,0.0,0,0.0,0,0.0,0
958,15,1897.5,44,21166.0328798186,0,0.0,7,20161.547887323944,1,791.8272727272727,0,0.0,2
959,20,106.56,2,1687.4666666666665,0,0.0,2,2261.8238095238094,0,0.0,0,0.0,0
960,15,38160.69,0,0.0,0,0.0,0,0.0,0,0.0,0,0.0,0
961,15,14368.86,0,0.0,0,0.0,0,0.0,0,0.0,0,0.0,0
962,15,15791.12,0,0.0,2,13921.485714285714,1,13062.6,0,0.0,0,0.0,0
963,15,2725.63,52,19597.134357005765,1,11085.927272727273,8,17723.343209876544,1,791.8272727272727,0,0.0,2
964,65,640.0,1,54502.93636363636,0,0.0,1,15665.02727272727,0,0.0,0,0.0,0
965,65,298.33,0,0.0,0,0.0,1,1086.7272727272727,0,0.0,0,0.0,0
966,15,683.91,146,23977.61950718685,1,11085.927272727273,29,24292.270790378003,1,791.8272727272727,0,0.0,2
967,15,50383.76,0,0.0,1,79109.7,1,81340.2,0,0.0,0,0.0,0
968,15,30927.52,76,22209.087647831802,1,11085.927272727273,14,21987.720567375887,1,791.8272727272727,0,0.0,2
969,11,824.3816999999999,0,0.0,0,0.0,0,0.0,0,0.0,0,0.0,0
970,10,116125.8158,0,0.0,0,0.0,1,1026.6272727272726,0,0.0,0,0.0,0
971,30,15842.4,0,0.0,0,0.0,0,0.0,0,0.0,0,0.0,0
972,15,1367.02,29,16389.271134020615,0,0.0,6,23443.847540983606,1,791.8272727272727,0,0.0,2
974,15,138997.94,0,0.0,1,39251.64545454545,4,40943.96585365854,0,0.0,0,0.0,0
975,15,1273.44,78,22200.330217669652,1,11085.927272727273,14,21987.720567375887,1,791.8272727272727,0,0.0,2
976,15,40127.37,121,24177.987778695282,1,11085.927272727273,21,23591.502369668247,1,791.8272727272727,0,0.0,2
977,15,16962.09,2,11963.019047619047,4,52716.85609756099,3,29862.364516129033,0,0.0,0,0.0,0
978,15,17745.75,0,0.0,0,0.0,1,100246.67272727271,0,0.0,0,0.0,0
979,15,1643.11,0,0.0,0,0.0,0,0.0,0,0.0,0,0.0,0
981,15,18759.49,0,0.0,0,0.0,4,41181.480487804874,0,0.0,0,0.0,0
982,35,7723.2,2,9910.714285714284,1,14768.30909090909,7,29772.023943661974,0,0.0,0,0.0,0
983,15,7251.5,0,0.0,0,0.0,0,0.0,0,0.0,0,0.0,0
984,15,420.0,0,0.0,0,0.0,1,7081.872727272727,0,0.0,0,0.0,0
986,15,65037.69,183,23768.4890770071,1,11085.927272727273,35,25082.993162393155,1,791.8272727272727,0,0.0,2
987,5,7622.26,3,10127.954838709677,0,0.0,1,1697.3818181818178,0,0.0,0,0.0,0
988,15,771.62,1,128.0090909090909,0,0.0,0,0.0,0,0.0,0,0.0,0
989,15,28743.91,7,23158.711267605635,4,12959.068292682929,5,19066.343137254906,0,0.0,0,0.0,0
992,15,524.31,0,0.0,9,12280.932967032968,9,11593.056043956043,0,0.0,0,0.0,0
993,17,286.7,5,2251.4392156862746,0,0.0,1,18961.081818181814,0,0.0,0,0.0,0
994,15,5123.95,47,20855.470912951172,0,0.0,8,17723.343209876544,1,791.8272727272727,0,0.0,2
995,15,133776.12,0,0.0,2,28117.819047619047,2,52363.55714285714,0,0.0,0,0.0,0
997,45,8528.63,0,0.0,0,0.0,0,0.0,0,0.0,0,0.0,0
998,15,49946.74,0,0.0,2,68668.69523809524,8,26240.476543209876,0,0.0,0,0.0,0
1000,15,5137.63,0,0.0,0,0.0,0,0.0,0,0.0,0,0.0,0
1001,15,8401.19,160,23510.838163647713,1,11085.927272727273,29,24292.270790378003,1,791.8272727272727,0,0.0,2
1002,15,12738.78,0,0.0,1,44166.52727272727,0,0.0,0,0.0,0,0.0,0
1003,15,14800.28,0,0.0,4,67404.30731707318,14,37653.912056737594,0,0.0,0,0.0,0
1004,18,13007.358999999999,0,0.0,0,0.0,1,21863.627272727274,0,0.0,0,0.0,0
1005,15,103125.0,0,0.0,0,0.0,0,0.0,0,0.0,0,0.0,0
1006,20,4994.95,0,0.0,0,0.0,0,0.0,0,0.0,0,0.0,0
1007,11,22233.807099999998,1,296.7181818181818,0,0.0,3,19043.287096774195,1,6162.818181818182,0,0.0,0
1008,15,98913.14,0,0.0,0,0.0,3,76210.40322580645,0,0.0,0,0.0,0
1009,15,28232.05,133,24056.053719008254,1,11085.927272727273,24,24084.290871369296,1,791.8272727272727,0,0.0,2
1010,15,17701.5,0,0.0,0,0.0,0,0.0,0,0.0,0,0.0,0
1012,15,32441.12,0,0.0,0,0.0,0,0.0,0,0.0,0,0.0,0
1013,30,38179.67,0,0.0,0,0.0,0,0.0,0,0.0,0,0.0,0
1014,15,3804.56,0,0.0,0,0.0,4,37339.90975609756,0,0.0,0,0.0,0
1015,65,10040.94,0,0.0,0,0.0,0,0.0,0,0.0,0,0.0,0
1016,19,1974.3069,0,0.0,0,0.0,0,0.0,0,0.0,0,0.0,0
1017,15,13524.16,0,0.0,6,53266.14262295082,17,35956.29181286549,0,0.0,0,0.0,0
1018,15,376.35,0,0.0,1,1533.3999999999999,0,0.0,0,0.0,0,0.0,0
1019,15,40960.18,3,16700.467741935485,0,0.0,3,12251.616129032258,0,0.0,0,0.0,0
1020,15,24862.11,1,39321.36363636363,0,0.0,2,15176.457142857142,0,0.0,0,0.0,0
1021,15,51855.63,100,23465.754145854142,1,11085.927272727273,18,24033.357458563536,1,791.8272727272727,0,0.0,2
1022,38,20600.892,0,0.0,0,0.0,1,28832.23636363636,0,0.0,0,0.0,0
1023,12,56843.0852,0,0.0,0,0.0,9,34045.23516483516,0,0.0,0,0.0,0
1024,11,142776.0572,0,0.0,0,0.0,6,25123.437704918033,0,0.0,0,0.0,0
1025,15,6786.5,1,2677.2454545454543,0,0.0,2,14395.371428571429,0,0.0,0,0.0,0
1026,15,71108.88,0,0.0,1,15927.381818181815,0,0.0,0,0.0,0,0.0,0
1027,0,9838.08,0,0.0,0,0.0,0,0.0,6,36315.03606557377,0,0.0,0
1028,15,60594.08,145,23899.22839421088,1,11085.927272727273,27,23809.477859778595,1,791.8272727272727,0,0.0,2
1029,15,1222.75,2,20499.290476190476,2,19578.22857142857,2,22460.428571428572,0,0.0,0,0.0,0
1030,15,18493.2,155,23522.126499032875,1,11085.927272727273,29,24292.270790378003,1,791.8272727272727,0,0.0,2
1031,15,27030.55,0,0.0,0,0.0,0,0.0,0,0.0,0,0.0,0
1032,15,51770.21,0,0.0,1,57069.42727272727,5,24588.7,0,0.0,0,0.0,0
1033,15,18144.8,1,19145.945454545454,0,0.0,2,18940.390476190474,0,0.0,0,0.0,0
1035,11,65564.75289999999,0,0.0,0,0.0,7,27026.53661971831,0,0.0,0,0.0,0
1036,15,13586.4,0,0.0,0,0.0,1,5110.099999999999,0,0.0,0,0.0,0
1037,32,41397.26,5,12002.796078431373,3,8635.535483870968,2,15912.309523809523,0,0.0,0,0.0,0
1038,15,22387.37,0,0.0,4,39590.6756097561,7,57430.30422535212,0,0.0,0,0.0,0
1040,15,14964.9,3,31161.69677419355,0,0.0,0,0.0,0,0.0,0,0.0,0
1041,15,19557.41,25,15567.849003984062,0,0.0,6,23443.847540983606,1,791.8272727272727,0,0.0,2
1042,15,73216.23,0,0.0,0,0.0,0,0.0,0,0.0,0,0.0,0
1043,15,68419.98,0,0.0,4,45350.75853658537,5,55681.73921568628,0,0.0,0,0.0,0
1044,12,48678.2396,0,0.0,0,0.0,4,104358.07560975612,0,0.0,0,0.0,0
1045,32,8126.8,0,0.0,0,0.0,0,0.0,0,0.0,0,0.0,0
1047,20,13730.84,0,0.0,0,0.0,0,0.0,0,0.0,0,0.0,0
1048,15,23897.25,185,24131.66898973528,1,11085.927272727273,36,24647.709972299162,1,791.8272727272727,0,0.0,2
1049,15,191999.14,0,0.0,1,135139.52727272728,0,0.0,0,0.0,0,0.0,0
1050,40,26518.68,0,0.0,0,0.0,0,0.0,0,0.0,0,0.0,0
1051,10,39726.7606,1,296.7181818181818,0,0.0,1,3480.6454545454544,1,6162.818181818182,0,0.0,0
1052,10,6703.151999999999,0,0.0,0,0.0,0,0.0,3,23834.14193548387,1,107021.22727272726,0
1053,15,22466.36,2,16388.35238095238,0,0.0,0,0.0,0,0.0,0,0.0,2
1054,15,3010.12,1,39321.36363636363,0,0.0,1,26236.763636363634,0,0.0,0,0.0,0
1055,15,12430.45,176,23924.33134582623,1,11085.927272727273,32,22470.890342679122,1,791.8272727272727,0,0.0,2
1057,15,82206.66,0,0.0,3,62629.354838709674,11,35788.36576576577,0,0.0,0,0.0,0
1059,15,15609.19,122,24308.613349713338,1,11085.927272727273,21,23591.502369668247,1,791.8272727272727,0,0.0,2
1060,15,61849.57,85,22438.547473560513,1,11085.927272727273,17,21821.883040935674,1,791.8272727272727,0,0.0,2
1061,15,94895.77,0,0.0,0,0.0,0,0.0,0,0.0,0,0.0,0
1065,10,14560.404799999998,0,0.0,0,0.0,9,47937.837362637365,0,0.0,0,0.0,0
1066,15,199.53,0,0.0,12,9326.320661157024,13,14516.26717557252,0,0.0,0,0.0,0
1067,10,2740.6682,0,0.0,0,0.0,3,136810.8935483871,0,0.0,0,0.0,0
1068,15,173755.57,0,0.0,1,39251.64545454545,5,60170.23529411765,0,0.0,0,0.0,0
1069,15,67417.08,0,0.0,2,82421.74285714286,0,0.0,0,0.0,0,0.0,0
1070,16,14886.101599999998,0,0.0,0,0.0,3,21842.154838709674,0,0.0,0,0.0,0
1072,15,186.17,0,0.0,0,0.0,1,432.4454545454545,0,0.0,0,0.0,0
1075,11,109111.1655,1,154251.21818181817,0,0.0,0,0.0,0,0.0,0,0.0,0
1076,15,50767.6,0,0.0,0,0.0,1,17315.963636363635,0,0.0,0,0.0,0
1077,15,44782.11,100,23465.754145854142,1,11085.927272727273,18,24033.357458563536,1,791.8272727272727,0,0.0,2
1078,35,42151.56,1,7003.636363636363,1,14768.30909090909,6,27742.59180327869,0,0.0,0,0.0,0
1079,15,16829.23,0,0.0,0,0.0,0,0.0,0,0.0,0,0.0,0
1082,0,6811.24,0,0.0,0,0.0,0,0.0,5,42100.09411764706,0,0.0,0
1083,34,3712.99,3,2804.841935483871,3,8635.535483870968,1,10420.172727272728,0,0.0,0,0.0,0
1084,15,1328.25,157,23732.962953532777,1,11085.927272727273,29,24292.270790378003,1,791.8272727272727,0,0.0,2
1085,15,7466.94,59,19679.76040609137,1,11085.927272727273,11,22015.60900900901,1,791.8272727272727,0,0.0,2
1086,15,22456.09,94,23014.67874601487,1,11085.927272727273,18,24033.357458563536,1,791.8272727272727,0,0.0,2
1087,11,81400.256,3,123594.56129032258,0,0.0,1,163027.83636363634,0,0.0,0,0.0,0
1088,15,43343.91,46,20367.65227765727,0,0.0,8,17723.343209876544,1,791.8272727272727,0,0.0,2
1089,32,2944.97,0,0.0,0,0.0,1,5473.136363636363,0,0.0,0,0.0,0
1091,15,3092.4,0,0.0,0,0.0,1,124402.99999999999,0,0.0,0,0.0,0
1093,11,32666.04,0,0.0,0,0.0,0,0.0,0,0.0,1,107021.22727272726,0
1094,15,11462.19,1,3320.3090909090906,3,8635.535483870968,0,0.0,0,0.0,0,0.0,0
1095,15,56602.67,58,19044.25421686747,1,11085.927272727273,9,21682.39230769231,1,791.8272727272727,0,0.0,2
1096,15,19002.25,3,55643.96129032257,5,27217.262745098044,15,45530.64701986755,0,0.0,0,0.0,0
1097,15,15673.51,39,19742.880818414324,0,0.0,7,20161.547887323944,1,791.8272727272727,0,0.0,2
1098,15,53616.34,0,0.0,1,4839.627272727273,0,0.0,0,0.0,0,0.0,0
1099,15,5701.62,1,2840.636363636363,0,0.0,0,0.0,0,0.0,0,0.0,0
1100,20,40783.56,7,18420.64647887324,4,8064.297560975611,2,15912.309523809523,0,0.0,0,0.0,0
1101,15,14890.27,0,0.0,0,0.0,0,0.0,0,0.0,0,0.0,0
1103,15,9387.87,85,22438.547473560513,1,11085.927272727273,16,22594.181987577642,1,791.8272727272727,0,0.0,2
1104,60,5678.23,0,0.0,0,0.0,1,7878.2363636363625,0,0.0,0,0.0,0
1105,15,38758.41,1,54502.93636363636,1,581.8181818181818,1,15665.02727272727,0,0.0,0,0.0,0
1106,15,45144.4,27,15862.281549815494,0,0.0,6,23443.847540983606,1,791.8272727272727,0,0.0,2
1107,0,66504.51,0,0.0,0,0.0,0,0.0,1,2904.881818181818,0,0.0,0
1108,15,232.08,0,0.0,4,27000.421951219512,8,10730.02962962963,0,0.0,0,0.0,0
1109,15,25585.94,0,0.0,0,0.0,0,0.0,0,0.0,0,0.0,0
1110,15,16151.2,171,23787.764289888946,1,11085.927272727273,31,23115.739871382633,1,791.8272727272727,0,0.0,2
1111,15,7873.55,0,0.0,1,87341.51818181817,0,0.0,0,0.0,0,0.0,0
1114,15,42202.32,61,19800.890180032737,1,11085.927272727273,11,22015.60900900901,1,791.8272727272727,0,0.0,2
1115,32,14395.17,0,0.0,0,0.0,1,3374.072727272727,0,0.0,0,0.0,0
1116,65,1180.07,0,0.0,1,5086.472727272727,0,0.0,0,0.0,0,0.0,0
1117,15,2871.65,119,24148.720990764054,1,11085.927272727273,21,23591.502369668247,1,791.8272727272727,0,0.0,2
1118,12,2794.9583,0,0.0,0,0.0,0,0.0,0,0.0,0,0.0,0
1121,15,3479.04,0,0.0,0,0.0,0,0.0,0,0.0,0,0.0,0
1123,45,5344.32,1,3936.3272727272724,0,0.0,0,0.0,0,0.0,0,0.0,0
1125,15,421.78,0,0.0,0,0.0,3,27214.716129032262,0,0.0,0,0.0,0
1126,15,102080.18,0,0.0,2,3295.4761904761904,1,48742.127272727266,0,0.0,0,0.0,0
1128,15,46068.37,149,23885.63024815559,1,11085.927272727273,29,24292.270790378003,1,791.8272727272727,0,0.0,2
1129,15,42117.17,130,24179.9960799385,1,11085.927272727273,24,24084.290871369296,1,791.8272727272727,0,0.0,2
1130,14,7783.9462,0,0.0,0,0.0,0,0.0,0,0.0,0,0.0,0
1131,15,38991.71,0,0.0,0,0.0,0,0.0,0,0.0,0,0.0,0
1132,15,25837.8,0,0.0,0,0.0,0,0.0,0,0.0,0,0.0,0
1133,15,140.81,0,0.0,0,0.0,0,0.0,0,0.0,0,0.0,0
1134,15,27377.29,1,4670.572727272727,0,0.0,0,0.0,0,0.0,0,0.0,0
1135,15,20664.37,0,0.0,1,24573.22727272727,0,0.0,0,0.0,0,0.0,0
1136,15,116998.97,2,5714.328571428571,2,545.7904761904762,0,0.0,0,0.0,0,0.0,0
1137,15,485.06,161,23417.04767225325,1,11085.927272727273,29,24292.270790378003,1,791.8272727272727,0,0.0,2
1138,35,22704.0,1,7003.636363636363,0,0.0,0,0.0,0,0.0,0,0.0,0
1139,65,5231.91,3,13575.62258064516,9,54154.419780219774,6,28121.1,0,0.0,0,0.0,0
1140,15,31116.42,0,0.0,0,0.0,0,0.0,0,0.0,0,0.0,0
1142,15,44531.53,13,20955.66641221374,0,0.0,2,23725.857142857145,1,791.8272727272727,0,0.0,2
1143,18,174.72,3,94.68387096774192,0,0.0,0,0.0,0,0.0,0,0.0,0
1144,18,3164.1119999999996,0,0.0,0,0.0,0,0.0,0,0.0,0,0.0,0
1145,15,53327.32,0,0.0,0,0.0,0,0.0,0,0.0,0,0.0,0
1146,20,12322.77,0,0.0,0,0.0,0,0.0,0,0.0,0,0.0,0
1147,15,70726.38,34,17384.21260997067,0,0.0,7,20161.547887323944,1,791.8272727272727,0,0.0,2
1148,15,41962.03,0,0.0,1,112337.77272727272,1,52880.35454545454,0,0.0,0,0.0,0
1149,15,13876.93,54,19165.40609981516,1,11085.927272727273,8,17723.343209876544,1,791.8272727272727,0,0.0,2
1151,15,41785.45,68,19618.935095447872,1,11085.927272727273,12,20537.457851239673,1,791.8272727272727,0,0.0,2
1154,15,53812.94,0,0.0,1,15734.099999999997,1,25752.64545454545,0,0.0,0,0.0,0
1155,15,114464.24,0,0.0,1,33059.781818181815,0,0.0,0,0.0,0,0.0,0
1157,15,61595.55,0,0.0,1,87341.51818181817,2,10770.419047619047,0,0.0,0,0.0,0
1158,15,14661.88,170,23841.414403292172,1,11085.927272727273,31,23115.739871382633,1,791.8272727272727,0,0.0,2
1159,15,58168.39,0,0.0,1,112337.77272727272,0,0.0,0,0.0,0,0.0,0
1160,15,51407.61,4,25092.643902439027,3,13657.106451612903,3,25472.81612903226,0,0.0,0,0.0,0
1161,15,42013.63,2,20499.290476190476,3,13657.106451612903,3,25472.81612903226,0,0.0,0,0.0,0
1162,15,4355.07,86,22723.866318234603,1,11085.927272727273,18,24033.357458563536,1,791.8272727272727,0,0.0,2
1163,15,9369.27,183,23768.4890770071,1,11085.927272727273,35,25082.993162393155,1,791.8272727272727,0,0.0,2
1164,15,19290.65,0,0.0,0,0.0,0,0.0,0,0.0,0,0.0,0
1165,15,67944.33,0,0.0,0,0.0,2,33245.31428571429,0,0.0,0,0.0,0
1166,15,347.23,3,55643.96129032257,6,28250.547540983607,16,43882.92049689441,0,0.0,0,0.0,0
1167,15,518.6,0,0.0,10,11071.269306930693,12,8802.746280991736,0,0.0,0,0.0,0
1168,15,3124.7,0,0.0,0,0.0,0,0.0,0,0.0,0,0.0,0
1169,15,34862.79,0,0.0,0,0.0,0,0.0,0,0.0,0,0.0,0
1171,15,7549.32,0,0.0,0,0.0,0,0.0,0,0.0,0,0.0,0
1174,15,19561.32,141,23708.975124025503,1,11085.927272727273,25,23626.40796812749,1,791.8272727272727,0,0.0,2
1175,17,195.0,6,3157.3836065573773,0,0.0,0,0.0,0,0.0,0,0.0,0
1176,15,35961.87,144,23815.518181818174,1,11085.927272727273,26,23470.657471264363,1,791.8272727272727,0,0.0,2
1178,15,143326.89,0,0.0,1,20446.436363636363,0,0.0,0,0.0,0,0.0,0
1179,30,1268.4,0,0.0,0,0.0,0,0.0,0,0.0,0,0.0,0
1180,31,21060.54,0,0.0,0,0.0,2,18940.390476190474,0,0.0,0,0.0,0
1181,15,35.73,0,0.0,21,6667.830805687203,18,10693.99447513812,0,0.0,0,0.0,0
1183,15,35219.37,0,0.0,0,0.0,0,0.0,0,0.0,0,0.0,0
1184,11,123863.7282,0,0.0,0,0.0,0,0.0,0,0.0,0,0.0,0
1185,15,14627.23,181,23864.590060739924,1,11085.927272727273,35,25082.993162393155,1,791.8272727272727,0,0.0,2
1186,15,1897.5,117,23966.939368061478,1,11085.927272727273,20,21888.790049751246,1,791.8272727272727,0,0.0,2
1187,15,5233.56,3,13575.62258064516,6,61771.18196721311,5,33451.18235294118,0,0.0,0,0.0,0
1188,15,4129.98,61,19800.890180032737,1,11085.927272727273,11,22015.60900900901,1,791.8272727272727,0,0.0,2
1189,15,47697.3,80,22223.12147315855,1,11085.927272727273,16,22594.181987577642,1,791.8272727272727,0,0.0,2
1190,15,50578.26,3,55643.96129032257,1,24573.22727272727,6,49102.45573770492,0,0.0,0,0.0,0
1191,15,2646.37,3,55643.96129032257,2,36956.57619047619,7,54952.23943661972,0,0.0,0,0.0,0
1193,32,82015.03,0,0.0,0,0.0,0,0.0,0,0.0,0,0.0,0
1195,75,108.58,0,0.0,0,0.0,0,0.0,0,0.0,0,0.0,0
1196,2,6766.67,3,4793.416129032258,0,0.0,0,0.0,0,0.0,0,0.0,0
1197,15,76444.16,3,13575.62258064516,5,69920.16470588236,4,22965.09024390244,0,0.0,0,0.0,0
1198,15,22278.76,0,0.0,0,0.0,1,82483.11818181816,0,0.0,0,0.0,0
1199,15,32840.52,0,0.0,4,67404.30731707318,15,36140.42649006623,0,0.0,0,0.0,0
1200,15,22182.23,0,0.0,0,0.0,2,26061.876190476192,0,0.0,0,0.0,0
1203,15,105489.86,1,5557.263636363636,1,1339.3545454545454,3,28125.670967741935,0,0.0,0,0.0,0
1204,20,4527.35,9,29237.481318681323,5,6813.152941176471,2,15912.309523809523,0,0.0,0,0.0,0
1205,15,94017.25,3,55643.96129032257,5,27217.262745098044,14,42091.880851063834,0,0.0,0,0.0,0
1206,15,15719.48,111,23886.053285328526,1,11085.927272727273,20,21888.790049751246,1,791.8272727272727,0,0.0,2
1207,18,18527.655499999997,0,0.0,0,0.0,0,0.0,0,0.0,0,0.0,0
1208,20,6020.45,0,0.0,0,0.0,0,0.0,0,0.0,0,0.0,0
1211,15,134841.94,1,137611.52727272725,1,15927.381818181815,1,64644.43636363636,0,0.0,0,0.0,0
1212,15,3527.53,0,0.0,2,2278.461904761905,1,342.1363636363636,0,0.0,0,0.0,0
1213,20,5875.15,1,34641.08181818182,0,0.0,0,0.0,0,0.0,0,0.0,0
1215,20,70472.82029999999,0,0.0,0,0.0,5,32828.16666666667,0,0.0,0,0.0,0
1217,32,46305.0,0,0.0,0,0.0,0,0.0,0,0.0,0,0.0,0
1218,15,30512.76,157,23732.962953532777,1,11085.927272727273,29,24292.270790378003,1,791.8272727272727,0,0.0,2
1219,15,14776.31,0,0.0,3,42673.98387096774,1,56121.590909090904,0,0.0,0,0.0,0
1220,15,1050.16,0,0.0,0,0.0,1,75528.93636363636,0,0.0,0,0.0,0
1222,15,1356.55,89,22845.106285072947,1,11085.927272727273,18,24033.357458563536,1,791.8272727272727,0,0.0,2
1223,15,7156.0,1,271.2090909090909,0,0.0,1,1086.7272727272727,0,0.0,0,0.0,0
1224,15,30368.48,134,24087.194630872473,1,11085.927272727273,24,24084.290871369296,1,791.8272727272727,0,0.0,2
1226,15,16496.44,0,0.0,0,0.0,0,0.0,0,0.0,0,0.0,0
1227,15,21311.0,0,0.0,0,0.0,1,30380.854545454546,0,0.0,0,0.0,0
1228,15,4627.72,57,19296.73292469352,1,11085.927272727273,9,21682.39230769231,1,791.8272727272727,0,0.0,2
1229,15,38494.47,0,0.0,0,0.0,0,0.0,0,0.0,0,0.0,0
1230,32,7730.59,0,0.0,0,0.0,0,0.0,0,0.0,0,0.0,0
1231,12,46719.5985,2,151973.1857142857,0,0.0,0,0.0,0,0.0,0,0.0,0
1232,35,25835.82,2,9910.714285714284,1,14768.30909090909,7,29772.023943661974,0,0.0,0,0.0,0
